"Date","Description","Original Description","Amount","Transaction Type","Category","Account Name","Labels","Notes"
"9/21/2022","GRANDCRAVINGSRESTAURAN","GRANDCRAVINGSRESTAURAN","12.25","debit","Restaurants","DISCOVER IT CHROME CARD","",""
"9/20/2022","Zelle payment to Thomas JPM999gf","Zelle payment to Thomas JPM999gf","12.00","debit","Transfer","CHASE COLLEGE","",""
"9/20/2022","UBER   *TRIP","UBER   *TRIP","1.50","debit","Ride Share","DISCOVER IT CHROME CARD","",""
"9/20/2022","UBR* PENDING.UBER.COM","UBR* PENDING.UBER.COM","7.98","debit","Ride Share","DISCOVER IT CHROME CARD","",""
"9/20/2022","AMZN Mktp US","AMZN Mktp US","68.20","debit","Shopping","DISCOVER IT CHROME CARD","",""
"9/19/2022","TST* MIA ZA'S CHAMPAIGN IL","TST* MIA ZA'S CHAMPAIGN IL","10.31","debit","Restaurants","DISCOVER IT CHROME CARD","",""
"9/19/2022","GRANDCRAVINGSRESTAURANT CHAMPAIGN IL","GRANDCRAVINGSRESTAURANT CHAMPAIGN IL","8.91","debit","Restaurants","DISCOVER IT CHROME CARD","",""
"9/19/2022","Zelle payment to Maxine Tam JPM9","Zelle payment to Maxine Tam JPM9","8.00","debit","Transfer","CHASE COLLEGE","",""
"9/18/2022","POKE LAB CHAMPAIGN IL","POKE LAB CHAMPAIGN IL","17.11","debit","Restaurants","DISCOVER IT CHROME CARD","",""
"9/17/2022","GRANDCRAVINGSRESTAURANT CHAMPAIGN IL","GRANDCRAVINGSRESTAURANT CHAMPAIGN IL","8.91","debit","Restaurants","DISCOVER IT CHROME CARD","",""
"9/17/2022","BROKISH ENTERPRISES CHAMPAIGN IL","BROKISH ENTERPRISES CHAMPAIGN IL","8.95","debit","Restaurants","DISCOVER IT CHROME CARD","",""
"9/17/2022","COMMON GROUND FOOD COOP URBANA IL","COMMON GROUND FOOD COOP URBANA IL","16.99","debit","Groceries","DISCOVER IT CHROME CARD","",""
"9/17/2022","TST* BB.Q CHICKEN USA - URBANA IL","TST* BB.Q CHICKEN USA - URBANA IL","16.73","debit","Restaurants","DISCOVER IT CHROME CARD","",""
"9/17/2022","SQ *COCOMERO FROZEN YO CHAMPAIGN IL
0002305843016307214133","SQ *COCOMERO FROZEN YO CHAMPAIGN IL
0002305843016307214133","4.53","debit","Restaurants","DISCOVER IT CHROME CARD","",""
"9/15/2022","SHAWARMA JOINT CHAMPAIGN IL","SHAWARMA JOINT CHAMPAIGN IL","17.33","debit","Restaurants","DISCOVER IT CHROME CARD","",""
"9/15/2022","TARGET 00033415091 CHAMPAIGN IL","TARGET 00033415091 CHAMPAIGN IL","16.34","debit","Shopping","DISCOVER IT CHROME CARD","",""
"9/15/2022","TARGET 00033415091 CHAMPAIGN IL","TARGET 00033415091 CHAMPAIGN IL","6.73","debit","Shopping","DISCOVER IT CHROME CARD","",""
"9/15/2022","INTERNATIONAL INCOMING WIRE FEE","INTERNATIONAL INCOMING WIRE FEE","15.00","debit","Fees & Charges","CHASE SAVINGS","",""
"9/15/2022","BOOK TRANSFER CREDIT B/O: FIRST","BOOK TRANSFER CREDIT B/O: FIRST","20000.00","credit","Transfer","CHASE SAVINGS","",""
"9/14/2022","LATEA BUBBLE TEA - CHAMP CHAMPAIGN IL","LATEA BUBBLE TEA - CHAMP CHAMPAIGN IL","6.46","debit","Food & Dining","DISCOVER IT CHROME CARD","",""
"9/14/2022","DD DOORDASH CHICK-FIL 855-973-1040 CA","DD DOORDASH CHICK-FIL 855-973-1040 CA","30.72","debit","Food Delivery","DISCOVER IT CHROME CARD","",""
"9/14/2022","Zelle payment to JUSTICE 1529624","Zelle payment to JUSTICE 1529624","5.00","debit","Transfer","CHASE COLLEGE","",""
"9/12/2022","LAI LAI WOK 3126479155 IL","LAI LAI WOK 3126479155 IL","16.67","debit","Restaurants","DISCOVER IT CHROME CARD","",""
"9/10/2022","BANGKOK THAI CHAMPAIGN IL","BANGKOK THAI CHAMPAIGN IL","13.00","debit","Restaurants","DISCOVER IT CHROME CARD","",""
"9/10/2022","SUSHI ICHIBAN CHAMPAIGN IL","SUSHI ICHIBAN CHAMPAIGN IL","18.19","debit","Restaurants","DISCOVER IT CHROME CARD","",""
"9/09/2022","APPLE.COM/US 800-676-2775 CA
W1104271168A242802615","APPLE.COM/US 800-676-2775 CA
W1104271168A242802615","223.00","credit","Electronics & Software","DISCOVER IT CHROME CARD","",""
"9/09/2022","APPLE.COM/US 800-676-2775 CA
W1239306942A253281940","APPLE.COM/US 800-676-2775 CA
W1239306942A253281940","319.00","debit","Electronics & Software","DISCOVER IT CHROME CARD","",""
"9/09/2022","APPLE.COM/US 800-676-2775 CA
W1104271168A242710504","APPLE.COM/US 800-676-2775 CA
W1104271168A242710504","223.00","credit","Electronics & Software","DISCOVER IT CHROME CARD","",""
"9/09/2022","APPLE.COM/US 800-676-2775 CA
W1104271168A242710504","APPLE.COM/US 800-676-2775 CA
W1104271168A242710504","2183.93","credit","Electronics & Software","DISCOVER IT CHROME CARD","",""
"9/09/2022","APPLE.COM/US 800-676-2775 CA
W1239306942A253281939","APPLE.COM/US 800-676-2775 CA
W1239306942A253281939","2878.31","debit","Electronics & Software","DISCOVER IT CHROME CARD","",""
"9/09/2022","APPLE.COM/US 800-692-7753 CA","APPLE.COM/US 800-692-7753 CA","150.00","debit","Electronics & Software","DISCOVER IT CHROME CARD","",""
"9/09/2022","GRAYBAR ELECTRIC PAYROLL PPD ID: 2130794380","GRAYBAR ELECTRIC PAYROLL","314.83","credit","Paycheck","CHASE SAVINGS","",""
"9/08/2022","TARGET 00033415091 CHAMPAIGN IL","TARGET 00033415091 CHAMPAIGN IL","5.08","debit","Shopping","DISCOVER IT CHROME CARD","",""
"9/07/2022","INTEREST PAYMENT","INTEREST PAYMENT","0.35","credit","Interest Income","CHASE SAVINGS","",""
"9/06/2022","Online Transfer from SAV ...7912","Online Transfer from SAV ...7912","1500.00","credit","Transfer","CHASE COLLEGE","",""
"9/06/2022","Brokish Enterprises","BROKISH ENTERPRISES CHAMPAIGN IL","7.90","debit","Uncategorized","CHASE COLLEGE","",""
"9/06/2022","SQ *PIATO CAFE, CATERIN Urbana I","SQ *PIATO CAFE, CATERIN Urbana I","9.00","debit","Restaurants","CHASE COLLEGE","",""
"9/06/2022","STORE*MANDARIN WOK WWW.DOORDASH.","STORE*MANDARIN WOK WWW.DOORDASH.","12.76","debit","Food Delivery","CHASE COLLEGE","",""
"9/06/2022","TARGET ST 603 E GREEN CHAMPAIGN","TARGET ST 603 E GREEN CHAMPAIGN","15.36","debit","Shopping","CHASE COLLEGE","",""
"9/06/2022","Online Transfer to CHK ...6550 t","Online Transfer to CHK ...6550 t","1500.00","debit","Transfer","CHASE SAVINGS","",""
"9/03/2022","JIP BAP - TASTE OF KOR 3126479155 IL","JIP BAP - TASTE OF KOR 3126479155 IL","14.05","debit","Restaurants","DISCOVER IT CHROME CARD","",""
"9/02/2022","OOZU RAMEN BAR CHAMPAIGN IL","OOZU RAMEN BAR CHAMPAIGN IL","22.66","debit","Restaurants","CHASE COLLEGE","",""
"9/02/2022","DISCOVER         E-PAYMENT  9796","DISCOVER         E-PAYMENT  9796","297.95","debit","Credit Card Payment","CHASE COLLEGE","",""
"9/01/2022","INTERNET PAYMENT - THANK YOU","INTERNET PAYMENT - THANK YOU","297.95","credit","Credit Card Payment","DISCOVER IT CHROME CARD","",""
"8/31/2022","NOODLES & COMPANY 9502 CHAMPAIGN IL
03184R","NOODLES & COMPANY 9502 CHAMPAIGN IL
03184R","15.33","debit","Restaurants","DISCOVER IT CHROME CARD","",""
"8/31/2022","APPLE.COM/US CUPERTINO CA","APPLE.COM/US CUPERTINO CA","150.00","credit","Electronics & Software","DISCOVER IT CHROME CARD","",""
"8/31/2022","GRANDCRAVINGSRESTAURANT CHAMPAIGN IL","GRANDCRAVINGSRESTAURANT CHAMPAIGN IL","14.48","debit","Restaurants","DISCOVER IT CHROME CARD","",""
"8/31/2022","Amazon Prime*3U65329 Amzn.com/bi","Amazon Prime*3U65329 Amzn.com/bi","8.07","debit","Shopping","CHASE COLLEGE","",""
"8/30/2022","SQ *JIP BAP-TASTE OF K CHAMPAIGN IL
0002305843016214403979","SQ *JIP BAP-TASTE OF K CHAMPAIGN IL
0002305843016214403979","12.77","debit","Charity","DISCOVER IT CHROME CARD","",""
"8/30/2022","Zelle payment to Thomas JPM999fm","Zelle payment to Thomas JPM999fm","20.00","debit","Transfer","CHASE COLLEGE","",""
"8/30/2022","U IL Tuition Pmt ACH PAY    3820","U IL Tuition Pmt ACH PAY    3820","12897.00","debit","Tuition","CHASE SAVINGS","",""
"8/29/2022","SQ *JIP BAP-TASTE OF K CHAMPAIGN IL
0002305843016207870425","SQ *JIP BAP-TASTE OF K CHAMPAIGN IL
0002305843016207870425","12.21","debit","Charity","DISCOVER IT CHROME CARD","",""
"8/28/2022","SHAWARMA JOINT CHAMPAIGN IL","SHAWARMA JOINT CHAMPAIGN IL","15.07","debit","Restaurants","DISCOVER IT CHROME CARD","",""
"8/28/2022","NOODLES & COMPANY 9502 CHAMPAIGN IL
02815R","NOODLES & COMPANY 9502 CHAMPAIGN IL
02815R","13.18","debit","Restaurants","DISCOVER IT CHROME CARD","",""
"8/28/2022","TARGET 00033415091 CHAMPAIGN IL","TARGET 00033415091 CHAMPAIGN IL","13.93","debit","Shopping","DISCOVER IT CHROME CARD","",""
"8/28/2022","TST* MIA ZA'S CHAMPAIGN IL","TST* MIA ZA'S CHAMPAIGN IL","7.30","debit","Restaurants","DISCOVER IT CHROME CARD","",""
"8/28/2022","AMZN MKTP US*W37017QI3 AMZN.COM/BILLWA
5WXA4KQQOSZ","AMZN MKTP US*W37017QI3 AMZN.COM/BILLWA
5WXA4KQQOSZ","15.25","debit","Shopping","DISCOVER IT CHROME CARD","",""
"8/27/2022","BROKISH ENTERPRISES CHAMPAIGN IL","BROKISH ENTERPRISES CHAMPAIGN IL","2.95","debit","Fast Food","DISCOVER IT CHROME CARD","",""
"8/27/2022","TARGET 00033415091 CHAMPAIGN IL","TARGET 00033415091 CHAMPAIGN IL","10.45","debit","Shopping","DISCOVER IT CHROME CARD","",""
"8/27/2022","COMMON GROUND FOOD COOP URBANA IL","COMMON GROUND FOOD COOP URBANA IL","21.00","debit","Groceries","DISCOVER IT CHROME CARD","",""
"8/26/2022","YOGI KOREAN RESTAURANT CHAMPAIGN IL","YOGI KOREAN RESTAURANT CHAMPAIGN IL","17.83","debit","Restaurants","DISCOVER IT CHROME CARD","",""
"8/26/2022","GRAYBAR ELECTRIC PAYROLL PPD ID: 2130794380","GRAYBAR ELECTRIC PAYROLL","104.26","credit","Paycheck","CHASE SAVINGS","",""
"8/25/2022","CASHBACK BONUS REDEMPTION PYMT/STMT CRDT","CASHBACK BONUS REDEMPTION PYMT/STMT CRDT","29.83","credit","Bonus","DISCOVER IT CHROME CARD","",""
"8/25/2022","TARGET 00033415091 CHAMPAIGN IL","TARGET 00033415091 CHAMPAIGN IL","3.49","debit","Shopping","DISCOVER IT CHROME CARD","",""
"8/25/2022","PHO NOODLE STATION CHAMPAIGN IL","PHO NOODLE STATION CHAMPAIGN IL","15.32","debit","Restaurants","DISCOVER IT CHROME CARD","",""
"8/25/2022","SQ *INFINET CHAMPAIGN IL
0002305843016186444318","SQ *INFINET CHAMPAIGN IL
0002305843016186444318","23.81","debit","Restaurants","DISCOVER IT CHROME CARD","",""
"8/24/2022","AMAZON.COM*EA2TU2OC3 AMZN.COM/BILLWA
4HHMNCEKMSD","AMAZON.COM*EA2TU2OC3 AMZN.COM/BILLWA
4HHMNCEKMSD","113.39","debit","Shopping","DISCOVER IT CHROME CARD","",""
"8/24/2022","DISCOVER         E-PAYMENT  9796","DISCOVER         E-PAYMENT  9796","2990.00","debit","Credit Card Payment","CHASE COLLEGE","",""
"8/23/2022","SQ *JIP BAP-TASTE OF K CHAMPAIGN IL
0002305843016176946329","SQ *JIP BAP-TASTE OF K CHAMPAIGN IL
0002305843016176946329","12.77","debit","Charity","DISCOVER IT CHROME CARD","",""
"8/23/2022","INTERNET PAYMENT - THANK YOU","INTERNET PAYMENT - THANK YOU","2990.00","credit","Credit Card Payment","DISCOVER IT CHROME CARD","",""
"8/22/2022","TST* MIA ZA'S CHAMPAIGN IL","TST* MIA ZA'S CHAMPAIGN IL","7.19","debit","Restaurants","DISCOVER IT CHROME CARD","",""
"8/22/2022","McDonald's 36750 CHAMPAIGN IL","McDonald's 36750 CHAMPAIGN IL","2.66","debit","Fast Food","CHASE COLLEGE","",""
"8/22/2022","Amazon.com*BT0911SE3 Amzn.com/bi","Amazon.com*BT0911SE3 Amzn.com/bi","45.77","debit","Shopping","CHASE COLLEGE","",""
"8/22/2022","Wal-Mart Super Center CHAMPAIGN","Wal-Mart Super Center CHAMPAIGN","69.17","debit","Groceries","CHASE COLLEGE","",""
"8/22/2022","Zelle payment from JUSTICE BORN","Zelle payment from JUSTICE BORN","30.00","credit","Transfer","CHASE COLLEGE","",""
"8/22/2022","Zelle payment from JONATHAN YUEN","Zelle payment from JONATHAN YUEN","29.00","credit","Transfer","CHASE COLLEGE","",""
"8/22/2022","Zelle payment from SAMUEL JEON C","Zelle payment from SAMUEL JEON C","29.00","credit","Transfer","CHASE COLLEGE","",""
"8/21/2022","E-Z*PASSNY TOLLBYMAIL 800-333-8655 NY
72686800 60P-624312535","E-Z*PASSNY TOLLBYMAIL 800-333-8655 NY
72686800 60P-624312535","8.98","debit","Travel","DISCOVER IT CHROME CARD","",""
"8/21/2022","CAFFE BENE URBANA URBANA IL","CAFFE BENE URBANA URBANA IL","12.57","debit","Coffee Shops","DISCOVER IT CHROME CARD","",""
"8/20/2022","WALMART SC 01734 CHAMPAIGN IL","WALMART SC 01734 CHAMPAIGN IL","17.17","debit","Food & Dining","DISCOVER IT CHROME CARD","",""
"8/19/2022","INSOMNIA COOKIES-CHAMP CHAMPAIGN IL
01920R","INSOMNIA COOKIES-CHAMP CHAMPAIGN IL
01920R","2.51","debit","Fast Food","DISCOVER IT CHROME CARD","",""
"8/19/2022","UBER TRIP 866-576-1039 CA","UBER TRIP 866-576-1039 CA","13.50","debit","Ride Share","DISCOVER IT CHROME CARD","",""
"8/19/2022","SUSHI ICHIBAN CHAMPAIGN IL","SUSHI ICHIBAN CHAMPAIGN IL","18.19","debit","Restaurants","DISCOVER IT CHROME CARD","",""
"8/19/2022","UBER TRIP 866-576-1039 CA","UBER TRIP 866-576-1039 CA","16.45","debit","Ride Share","DISCOVER IT CHROME CARD","",""
"8/19/2022","Zelle payment to BENI 1508998555","Zelle payment to BENI 1508998555","35.00","debit","Transfer","CHASE COLLEGE","",""
"8/18/2022","DUBAI GRILL URBANA IL","DUBAI GRILL URBANA IL","17.94","debit","Restaurants","DISCOVER IT CHROME CARD","",""
"8/18/2022","Speedpay         AmerenIL   0196","Speedpay         AmerenIL   0196","96.46","debit","Utilities","CHASE COLLEGE","",""
"8/17/2022","CKE*BASIL THAI AT UR 701 URBANA IL","CKE*BASIL THAI AT UR 701 URBANA IL","21.60","debit","Restaurants","DISCOVER IT CHROME CARD","",""
"8/17/2022","DISCOVER         E-PAYMENT  9796","DISCOVER         E-PAYMENT  9796","417.93","debit","Credit Card Payment","CHASE COLLEGE","",""
"8/16/2022","TST* SEVEN SAINTS CHAMPAIGN IL
00030269008201793581AA","TST* SEVEN SAINTS CHAMPAIGN IL
00030269008201793581AA","17.60","debit","Restaurants","DISCOVER IT CHROME CARD","",""
"8/16/2022","APPLE.COM/US 800-692-7753 CA","APPLE.COM/US 800-692-7753 CA","150.00","debit","Electronics & Software","DISCOVER IT CHROME CARD","",""
"8/16/2022","APPLE.COM/US 800-676-2775 CA
W1104271168A242802615","APPLE.COM/US 800-676-2775 CA
W1104271168A242802615","223.00","debit","Electronics & Software","DISCOVER IT CHROME CARD","",""
"8/16/2022","UBER EATS 866-576-1039 CA","UBER EATS 866-576-1039 CA","4.86","debit","Food Delivery","DISCOVER IT CHROME CARD","",""
"8/16/2022","APPLE.COM/US 800-676-2775 CA
W1104271168A242710504","APPLE.COM/US 800-676-2775 CA
W1104271168A242710504","2406.93","debit","Electronics & Software","DISCOVER IT CHROME CARD","",""
"8/16/2022","UBER EATS 866-576-1039 CA","UBER EATS 866-576-1039 CA","22.03","debit","Food Delivery","DISCOVER IT CHROME CARD","",""
"8/15/2022","CASHBACK BONUS REDEMPTION PYMT/STMT CRDT","CASHBACK BONUS REDEMPTION PYMT/STMT CRDT","132.97","credit","Bonus","DISCOVER IT CHROME CARD","",""
"8/15/2022","BAB PLUS URBANA IL","BAB PLUS URBANA IL","13.31","debit","Restaurants","DISCOVER IT CHROME CARD","",""
"8/15/2022","INTERNET PAYMENT - THANK YOU","INTERNET PAYMENT - THANK YOU","417.93","credit","Credit Card Payment","DISCOVER IT CHROME CARD","",""
"8/15/2022","SCHWAB BROKERAGE MONEYLINK","SCHWAB BROKERAGE MONEYLINK","3000.00","debit","Transfer","CHASE COLLEGE","",""
"8/14/2022","CKE*BASIL THAI AT UR 701 URBANA IL","CKE*BASIL THAI AT UR 701 URBANA IL","15.90","debit","Restaurants","DISCOVER IT CHROME CARD","",""
"8/13/2022","SHAWARMA JOINT CHAMPAIGN IL","SHAWARMA JOINT CHAMPAIGN IL","17.33","debit","Restaurants","DISCOVER IT CHROME CARD","",""
"8/13/2022","TARGET 00033415091 CHAMPAIGN IL","TARGET 00033415091 CHAMPAIGN IL","3.89","debit","Shopping","DISCOVER IT CHROME CARD","",""
"8/12/2022","DUBAI GRILL URBANA IL","DUBAI GRILL URBANA IL","16.35","debit","Restaurants","DISCOVER IT CHROME CARD","",""
"8/12/2022","Online Transfer from SAV ...7912","Online Transfer from SAV ...7912","6000.00","credit","Transfer","CHASE COLLEGE","",""
"8/12/2022","GRAYBAR ELECTRIC PAYROLL PPD ID: 2130794380","GRAYBAR ELECTRIC PAYROLL","978.25","credit","Paycheck","CHASE SAVINGS","",""
"8/12/2022","Online Transfer to CHK ...6550 t","Online Transfer to CHK ...6550 t","6000.00","debit","Transfer","CHASE SAVINGS","",""
"8/11/2022","JIMMY JOHNS # 90008 URBANA IL","JIMMY JOHNS # 90008 URBANA IL","8.20","debit","Restaurants","DISCOVER IT CHROME CARD","",""
"8/11/2022","MANOLO'S PIZZA AND EMPAN URBANA IL","MANOLO'S PIZZA AND EMPAN URBANA IL","11.95","debit","Restaurants","DISCOVER IT CHROME CARD","",""
"8/10/2022","CKE*BASIL THAI AT UR 701 URBANA IL","CKE*BASIL THAI AT UR 701 URBANA IL","14.00","debit","Restaurants","DISCOVER IT CHROME CARD","",""
"8/10/2022","BAB PLUS URBANA IL","BAB PLUS URBANA IL","13.31","debit","Restaurants","DISCOVER IT CHROME CARD","",""
"8/09/2022","KO FUSION S GREGORY URBANA IL","KO FUSION S GREGORY URBANA IL","11.66","debit","Restaurants","DISCOVER IT CHROME CARD","",""
"8/09/2022","BAB PLUS URBANA IL","BAB PLUS URBANA IL","17.75","debit","Restaurants","DISCOVER IT CHROME CARD","",""
"8/08/2022","TST* SEVEN SAINTS CHAMPAIGN IL
00030269008101031751AA","TST* SEVEN SAINTS CHAMPAIGN IL
00030269008101031751AA","39.03","debit","Restaurants","DISCOVER IT CHROME CARD","",""
"8/07/2022","CKE*BASIL THAI AT UR 701 URBANA IL","CKE*BASIL THAI AT UR 701 URBANA IL","16.55","debit","Restaurants","DISCOVER IT CHROME CARD","",""
"8/07/2022","TST* MIA ZA'S CHAMPAIGN IL","TST* MIA ZA'S CHAMPAIGN IL","7.19","debit","Restaurants","DISCOVER IT CHROME CARD","",""
"8/07/2022","CKE*BASIL THAI AT UR 701 URBANA IL","CKE*BASIL THAI AT UR 701 URBANA IL","12.17","debit","Restaurants","DISCOVER IT CHROME CARD","",""
"8/06/2022","CKE*BASIL THAI AT UR 701 URBANA IL","CKE*BASIL THAI AT UR 701 URBANA IL","14.00","debit","Restaurants","DISCOVER IT CHROME CARD","",""
"8/06/2022","TST* MIA ZA'S CHAMPAIGN IL","TST* MIA ZA'S CHAMPAIGN IL","9.47","debit","Restaurants","DISCOVER IT CHROME CARD","",""
"8/06/2022","SQ *YUMMY FUTURE CHAMPAIGN IL
0002305843016084363189","SQ *YUMMY FUTURE CHAMPAIGN IL
0002305843016084363189","4.18","debit","Coffee Shops","DISCOVER IT CHROME CARD","",""
"8/05/2022","UBER TRIP 866-576-1039 CA","UBER TRIP 866-576-1039 CA","1.00","debit","Ride Share","DISCOVER IT CHROME CARD","",""
"8/05/2022","UBER TRIP 866-576-1039 CA","UBER TRIP 866-576-1039 CA","1.50","debit","Ride Share","DISCOVER IT CHROME CARD","",""
"8/05/2022","UBER TRIP 866-576-1039 CA","UBER TRIP 866-576-1039 CA","8.21","debit","Ride Share","DISCOVER IT CHROME CARD","",""
"8/04/2022","INTEREST PAYMENT","INTEREST PAYMENT","0.35","credit","Interest Income","CHASE SAVINGS","",""
"8/03/2022","UBER TRIP 866-576-1039 CA","UBER TRIP 866-576-1039 CA","1.00","debit","Ride Share","DISCOVER IT CHROME CARD","",""
"8/03/2022","UBER TRIP 866-576-1039 CA","UBER TRIP 866-576-1039 CA","8.58","debit","Ride Share","DISCOVER IT CHROME CARD","",""
"8/02/2022","MARATHON PETRO191510 URBANA IL","MARATHON PETRO191510 URBANA IL","32.36","debit","Gas & Fuel","DISCOVER IT CHROME CARD","",""
"8/02/2022","CHAMPAIGN MOBILE METER 217-403-4700 IL","CHAMPAIGN MOBILE METER 217-403-4700 IL","4.00","debit","Parking","DISCOVER IT CHROME CARD","",""
"8/02/2022","PAPA DEL'S PIZZA CHAMPAIGNE IL","PAPA DEL'S PIZZA CHAMPAIGNE IL","27.97","debit","Restaurants","DISCOVER IT CHROME CARD","",""
"8/02/2022","PYL*JSM Management 866-7295327 I","PYL*JSM Management 866-7295327 I","654.70","debit","Mortgage & Rent","CHASE COLLEGE","",""
"8/01/2022","TA # 11 DAYTON EATON OH","TA # 11 DAYTON EATON OH","1.79","debit","Business Services","DISCOVER IT CHROME CARD","",""
"8/01/2022","CHAMPAIGN MOBILE METER 217-403-4700 IL","CHAMPAIGN MOBILE METER 217-403-4700 IL","1.75","debit","Parking","DISCOVER IT CHROME CARD","",""
"8/01/2022","CHAMPAIGN MOBILE METER 217-403-4700 IL","CHAMPAIGN MOBILE METER 217-403-4700 IL","0.75","debit","Parking","DISCOVER IT CHROME CARD","",""
"8/01/2022","SUSHI ICHIBAN CHAMPAIGN IL","SUSHI ICHIBAN CHAMPAIGN IL","18.19","debit","Restaurants","DISCOVER IT CHROME CARD","",""
"8/01/2022","CHAMPAIGN MOBILE METER 217-403-4700 IL","CHAMPAIGN MOBILE METER 217-403-4700 IL","1.75","debit","Parking","DISCOVER IT CHROME CARD","",""
"8/01/2022","Zelle payment from MASON D PETER","Zelle payment from MASON D PETER","35.00","credit","Transfer","CHASE COLLEGE","",""
"8/01/2022","Amazon Prime*AJ9T62O Amzn.com/bi","Amazon Prime*AJ9T62O Amzn.com/bi","8.07","debit","Shopping","CHASE COLLEGE","",""
"7/30/2022","AMK 360 CAFE C1 EASTON COLUMBUS OH","AMK 360 CAFE C1 EASTON COLUMBUS OH","1.08","debit","Restaurants","DISCOVER IT CHROME CARD","",""
"7/30/2022","NORTHSTAR CAFE EASTON COLUMBUS OH","NORTHSTAR CAFE EASTON COLUMBUS OH","28.44","debit","Restaurants","DISCOVER IT CHROME CARD","",""
"7/29/2022","UBER TRIP 866-576-1039 CA","UBER TRIP 866-576-1039 CA","8.35","debit","Ride Share","DISCOVER IT CHROME CARD","",""
"7/29/2022","UBER TRIP 866-576-1039 CA","UBER TRIP 866-576-1039 CA","1.00","debit","Ride Share","DISCOVER IT CHROME CARD","",""
"7/29/2022","UBER TRIP 866-576-1039 CA","UBER TRIP 866-576-1039 CA","11.95","debit","Ride Share","DISCOVER IT CHROME CARD","",""
"7/29/2022","UBER TRIP 866-576-1039 CA","UBER TRIP 866-576-1039 CA","1.00","debit","Ride Share","DISCOVER IT CHROME CARD","",""
"7/29/2022","GRAYBAR ELECTRIC PAYROLL PPD ID: 2130794380","GRAYBAR ELECTRIC PAYROLL","1344.35","credit","Paycheck","CHASE SAVINGS","",""
"7/29/2022","UBER TRIP 866-576-1039 CA","UBER TRIP 866-576-1039 CA","1.50","debit","Ride Share","DISCOVER IT CHROME CARD","",""
"7/29/2022","UBER TRIP 866-576-1039 CA","UBER TRIP 866-576-1039 CA","9.91","debit","Ride Share","DISCOVER IT CHROME CARD","",""
"7/29/2022","UBER TRIP 866-576-1039 CA","UBER TRIP 866-576-1039 CA","10.02","debit","Ride Share","DISCOVER IT CHROME CARD","",""
"7/28/2022","RED LOBSTER 6226 URBANA IL","RED LOBSTER 6226 URBANA IL","148.74","debit","Restaurants","DISCOVER IT CHROME CARD","",""
"7/27/2022","UBER TRIP 866-576-1039 CA","UBER TRIP 866-576-1039 CA","3.00","debit","Ride Share","DISCOVER IT CHROME CARD","",""
"7/27/2022","UBER TRIP 866-576-1039 CA","UBER TRIP 866-576-1039 CA","7.74","debit","Ride Share","DISCOVER IT CHROME CARD","",""
"7/27/2022","DISCOVER         E-PAYMENT  9796","DISCOVER         E-PAYMENT  9796","37.42","debit","Credit Card Payment","CHASE COLLEGE","",""
"7/26/2022","INTERNET PAYMENT - THANK YOU","INTERNET PAYMENT - THANK YOU","37.42","credit","Credit Card Payment","DISCOVER IT CHROME CARD","",""
"7/25/2022","UBER TRIP 866-576-1039 CA","UBER TRIP 866-576-1039 CA","8.12","debit","Ride Share","DISCOVER IT CHROME CARD","",""
"7/25/2022","UBER TRIP 866-576-1039 CA","UBER TRIP 866-576-1039 CA","1.50","debit","Ride Share","DISCOVER IT CHROME CARD","",""
"7/25/2022","Online Transfer from SAV ...7912","Online Transfer from SAV ...7912","3000.00","credit","Transfer","CHASE COLLEGE","",""
"7/25/2022","DISCOVER         E-PAYMENT  9796","DISCOVER         E-PAYMENT  9796","2567.00","debit","Credit Card Payment","CHASE COLLEGE","",""
"7/25/2022","Online Transfer to CHK ...6550 t","Online Transfer to CHK ...6550 t","3000.00","debit","Transfer","CHASE SAVINGS","",""
"7/23/2022","INTERNET PAYMENT - THANK YOU","INTERNET PAYMENT - THANK YOU","2567.00","credit","Credit Card Payment","DISCOVER IT CHROME CARD","",""
"7/22/2022","FRESH INTL. MARKET CHAMPAIGN IL","FRESH INTL. MARKET CHAMPAIGN IL","6.52","debit","Groceries","DISCOVER IT CHROME CARD","",""
"7/22/2022","CITY OF URBANA 217-3842309 IL","CITY OF URBANA 217-3842309 IL","2.75","debit","Parking","CHASE COLLEGE","",""
"7/21/2022","Zelle payment to SHUBHENDU JPM99","Zelle payment to SHUBHENDU JPM99","4.62","debit","Transfer","CHASE COLLEGE","",""
"7/20/2022","AMZN MKTP US*5C05T4O13 AMZN.COM/BILLWA
2FMQRNTLG9L","AMZN MKTP US*5C05T4O13 AMZN.COM/BILLWA
2FMQRNTLG9L","62.09","debit","Shopping","DISCOVER IT CHROME CARD","",""
"7/18/2022","AIRBNB  HM8248QX3K AIRBNB.COM CA","AIRBNB  HM8248QX3K AIRBNB.COM CA","701.56","debit","Hotel","CHASE COLLEGE","",""
"7/16/2022","TST* SEVEN SAINTS CHAMPAIGN IL
00030269007814231461AA","TST* SEVEN SAINTS CHAMPAIGN IL
00030269007814231461AA","17.94","debit","Restaurants","DISCOVER IT CHROME CARD","",""
"7/16/2022","UBER TRIP 866-576-1039 CA","UBER TRIP 866-576-1039 CA","7.70","debit","Ride Share","DISCOVER IT CHROME CARD","",""
"7/16/2022","UBER TRIP 866-576-1039 CA","UBER TRIP 866-576-1039 CA","1.50","debit","Ride Share","DISCOVER IT CHROME CARD","",""
"7/15/2022","GRAYBAR ELECTRIC PAYROLL PPD ID: 2130794380","GRAYBAR ELECTRIC PAYROLL","1145.31","credit","Paycheck","CHASE SAVINGS","",""
"7/15/2022","VENMO            PAYMENT    1021","VENMO            PAYMENT    1021","8.69","debit","Transfer","CHASE COLLEGE","",""
"7/14/2022","AMAZON.COM*PQ9WM73K3 AMZN.COM/BILLWA
MKB5PZYP251","AMAZON.COM*PQ9WM73K3 AMZN.COM/BILLWA
MKB5PZYP251","14.99","debit","Shopping","DISCOVER IT CHROME CARD","",""
"7/13/2022","UBER TRIP 866-576-1039 CA","UBER TRIP 866-576-1039 CA","1.00","debit","Ride Share","DISCOVER IT CHROME CARD","",""
"7/13/2022","UBER TRIP 866-576-1039 CA","UBER TRIP 866-576-1039 CA","3.00","debit","Ride Share","DISCOVER IT CHROME CARD","",""
"7/13/2022","UBER TRIP 866-576-1039 CA","UBER TRIP 866-576-1039 CA","7.65","debit","Ride Share","DISCOVER IT CHROME CARD","",""
"7/12/2022","CAFFE BENE GREEN INC CHAMPAIGN IL","CAFFE BENE GREEN INC CHAMPAIGN IL","16.61","debit","Restaurants","DISCOVER IT CHROME CARD","",""
"7/12/2022","1 PCC TICKETS 8004480572 IL","1 PCC TICKETS 8004480572 IL","11.00","debit","Business Services","DISCOVER IT CHROME CARD","",""
"7/12/2022","MCDONALD'S 36750 CHAMPAIGN IL
APPLE PAY ENDING IN 8303","MCDONALD'S 36750 CHAMPAIGN IL
APPLE PAY ENDING IN 8303","5.90","debit","Fast Food","DISCOVER IT CHROME CARD","",""
"7/12/2022","McDonald's 36750 CHAMPAIGN IL","McDonald's 36750 CHAMPAIGN IL","1.12","debit","Fast Food","CHASE COLLEGE","",""
"7/11/2022","SUBWAY 642 CHAMPAIGN IL","SUBWAY 642 CHAMPAIGN IL","6.68","debit","Fast Food","DISCOVER IT CHROME CARD","",""
"7/11/2022","Zelle payment to Saurav 14784078","Zelle payment to Saurav 14784078","12.90","debit","Transfer","CHASE COLLEGE","",""
"7/11/2022","Zelle payment to JIEWEN JPM999dt","Zelle payment to JIEWEN JPM999dt","6.00","debit","Transfer","CHASE COLLEGE","",""
"7/07/2022","AMERICANAIR0012436278943 800-428-4322 TX","AMERICANAIR0012436278943 800-428-4322 TX","69.00","credit","Air Travel","DISCOVER IT CHROME CARD","",""
"7/07/2022","TARGET 00033415091 CHAMPAIGN IL","TARGET 00033415091 CHAMPAIGN IL","74.75","debit","Shopping","DISCOVER IT CHROME CARD","",""
"7/07/2022","DOORDASH*SMOKYS HOUSE 6506819470 CA
APPLE PAY ENDING IN 8303","DOORDASH*SMOKYS HOUSE 6506819470 CA
APPLE PAY ENDING IN 8303","29.76","debit","Food Delivery","DISCOVER IT CHROME CARD","",""
"7/07/2022","INTEREST PAYMENT","INTEREST PAYMENT","0.34","credit","Interest Income","CHASE SAVINGS","",""
"7/06/2022","1 PCC TICKETS 8004480572 IL","1 PCC TICKETS 8004480572 IL","41.00","debit","Business Services","DISCOVER IT CHROME CARD","",""
"7/06/2022","PANERA BREAD #601291 K CHAMPAIGN IL
00699R","PANERA BREAD #601291 K CHAMPAIGN IL
00699R","23.26","debit","Fast Food","DISCOVER IT CHROME CARD","",""
"7/06/2022","SUBWAY 642 CHAMPAIGN IL","SUBWAY 642 CHAMPAIGN IL","6.68","debit","Fast Food","DISCOVER IT CHROME CARD","",""
"7/06/2022","1 PCC TICKETS 8004480572 IL","1 PCC TICKETS 8004480572 IL","41.00","debit","Business Services","DISCOVER IT CHROME CARD","",""
"7/06/2022","PANERA BREAD #601291 K CHAMPAIGN IL
00606R","PANERA BREAD #601291 K CHAMPAIGN IL
00606R","6.91","debit","Fast Food","DISCOVER IT CHROME CARD","",""
"7/06/2022","CIRCLE K # 01403 CHAMPAIGN IL
00639R","CIRCLE K # 01403 CHAMPAIGN IL
00639R","48.88","debit","Gas & Fuel","DISCOVER IT CHROME CARD","",""
"7/05/2022","TST* FRONTERA GRILL CHICAGO IL
00029802007680118357AA","TST* FRONTERA GRILL CHICAGO IL
00029802007680118357AA","162.97","debit","Restaurants","DISCOVER IT CHROME CARD","",""
"7/05/2022","MEIJER # 265 EVERGREEN PARIL","MEIJER # 265 EVERGREEN PARIL","10.54","debit","Groceries","DISCOVER IT CHROME CARD","",""
"7/05/2022","33295 - 801 S WABASH EAS CHICAGO IL","33295 - 801 S WABASH EAS CHICAGO IL","6.00","debit","Parking","DISCOVER IT CHROME CARD","",""
"7/05/2022","33295 - 801 S WABASH EAS CHICAGO IL","33295 - 801 S WABASH EAS CHICAGO IL","6.00","debit","Parking","DISCOVER IT CHROME CARD","",""
"7/05/2022","ANDERSON DENTAL CHAMPAIGN IL","ANDERSON DENTAL CHAMPAIGN IL","1159.00","debit","Dentist","DISCOVER IT CHROME CARD","",""
"7/05/2022","CIRCLE K # 01403 CHAMPAIGN IL
00567R","CIRCLE K # 01403 CHAMPAIGN IL
00567R","57.15","debit","Gas & Fuel","DISCOVER IT CHROME CARD","",""
"7/05/2022","LAZ PARKING 600405-WC CHICAGO IL","LAZ PARKING 600405-WC CHICAGO IL","38.00","debit","Parking","DISCOVER IT CHROME CARD","",""
"7/05/2022","ZSK*CK SHERATON@FALLS NIAGARA FALLSNY","ZSK*CK SHERATON@FALLS NIAGARA FALLSNY","64.70","debit","Hotel","DISCOVER IT CHROME CARD","",""
"7/05/2022","MINT MOBILE 800-683-7392 CA","MINT MOBILE 800-683-7392 CA","18.05","debit","Mobile Phone","CHASE COLLEGE","",""
"7/04/2022","SUNOCO 0431848100 KENMORE NY","SUNOCO 0431848100 KENMORE NY","57.99","debit","Gas & Fuel","DISCOVER IT CHROME CARD","",""
"7/04/2022","PILOT 00287 BURBANK OH","PILOT 00287 BURBANK OH","21.07","debit","Gas & Fuel","DISCOVER IT CHROME CARD","",""
"7/04/2022","SUNOCO 0431848100 KENMORE NY","SUNOCO 0431848100 KENMORE NY","2.39","debit","Gas & Fuel","DISCOVER IT CHROME CARD","",""
"7/04/2022","BP#88742401628 WORTHINGT WORTHINGTON OH","BP#88742401628 WORTHINGT WORTHINGTON OH","53.01","debit","Gas & Fuel","DISCOVER IT CHROME CARD","",""
"7/04/2022","PHO NOODLE STATION CHAMPAIGN IL","PHO NOODLE STATION CHAMPAIGN IL","52.38","debit","Restaurants","DISCOVER IT CHROME CARD","",""
"7/03/2022","MAID OF THE MIST CORPO NIAGARA FALLSNY","MAID OF THE MIST CORPO NIAGARA FALLSNY","75.75","debit","Travel","DISCOVER IT CHROME CARD","",""
"7/03/2022","TARGET 00010124091 NIAGARA FALLSNY","TARGET 00010124091 NIAGARA FALLSNY","43.66","debit","Shopping","DISCOVER IT CHROME CARD","",""
"7/03/2022","TST* DUFFS FAMOUS WING NIAGARA FALLSNY
00055666007662082470AA","TST* DUFFS FAMOUS WING NIAGARA FALLSNY
00055666007662082470AA","73.00","debit","Restaurants","DISCOVER IT CHROME CARD","",""
"7/02/2022","FUJI GRILL NIAGARA FALL. NIAGARA FALLSNY","FUJI GRILL NIAGARA FALL. NIAGARA FALLSNY","111.25","debit","Restaurants","DISCOVER IT CHROME CARD","",""
"7/02/2022","SHELL12682777003 MARENGO OH","SHELL12682777003 MARENGO OH","53.71","debit","Gas & Fuel","DISCOVER IT CHROME CARD","",""
"7/02/2022","SPI*AMERENIL SAINT LOUIS MO","SPI*AMERENIL SAINT LOUIS MO","101.83","debit","Utilities","DISCOVER IT CHROME CARD","",""
"7/02/2022","UBER TRIP 866-576-1039 CA","UBER TRIP 866-576-1039 CA","9.95","debit","Ride Share","DISCOVER IT CHROME CARD","",""
"7/02/2022","STARBUCKS STORE 02745 GREENFIELD IN
1AB5A694DD74733511","STARBUCKS STORE 02745 GREENFIELD IN
1AB5A694DD74733511","10.48","debit","Coffee Shops","DISCOVER IT CHROME CARD","",""
"7/02/2022","CULVERS OF GREENFIELD GREENFIELD IN","CULVERS OF GREENFIELD GREENFIELD IN","18.87","debit","Restaurants","DISCOVER IT CHROME CARD","",""
"7/02/2022","UBER TRIP 866-576-1039 CA","UBER TRIP 866-576-1039 CA","2.00","debit","Ride Share","DISCOVER IT CHROME CARD","",""
"7/01/2022","GRAYBAR ELECTRIC PAYROLL PPD ID: 2130794380","GRAYBAR ELECTRIC PAYROLL","1376.28","credit","Paycheck","CHASE SAVINGS","",""
"7/01/2022","Amazon Prime*NW0230X Amzn.com/bi","Amazon Prime*NW0230X Amzn.com/bi","4.30","debit","Shopping","CHASE COLLEGE","",""
"6/29/2022","The University G WEB PMTS   FBQJ","The University G WEB PMTS   FBQJ","800.00","debit","Mortgage & Rent","CHASE COLLEGE","",""
"6/28/2022","Online Transfer to CHK ...6550 t","Online Transfer to CHK ...6550 t","1500.00","debit","Transfer","CHASE SAVINGS","",""
"6/28/2022","Online Transfer from SAV ...7912","Online Transfer from SAV ...7912","1500.00","credit","Transfer","CHASE COLLEGE","",""
"6/27/2022","DISCOVER         E-PAYMENT  9796","DISCOVER         E-PAYMENT  9796","35.00","debit","Credit Card Payment","CHASE COLLEGE","",""
"6/26/2022","TARGET 00033415091 CHAMPAIGN IL","TARGET 00033415091 CHAMPAIGN IL","7.95","debit","Shopping","DISCOVER IT CHROME CARD","",""
"6/26/2022","TARGET 00033415091 CHAMPAIGN IL","TARGET 00033415091 CHAMPAIGN IL","21.64","debit","Shopping","DISCOVER IT CHROME CARD","",""
"6/25/2022","OOZU RAMEN BAR CHAMPAIGN IL","OOZU RAMEN BAR CHAMPAIGN IL","17.31","debit","Restaurants","DISCOVER IT CHROME CARD","",""
"6/25/2022","INTERNET PAYMENT - THANK YOU","INTERNET PAYMENT - THANK YOU","35.00","credit","Credit Card Payment","DISCOVER IT CHROME CARD","",""
"6/24/2022","DISCOVER         E-PAYMENT  9796","DISCOVER         E-PAYMENT  9796","1477.49","debit","Credit Card Payment","CHASE COLLEGE","",""
"6/23/2022","INTERNET PAYMENT - THANK YOU","INTERNET PAYMENT - THANK YOU","1477.49","credit","Credit Card Payment","DISCOVER IT CHROME CARD","",""
"6/23/2022","Online Transfer from SAV ...7912","Online Transfer from SAV ...7912","2500.00","credit","Transfer","CHASE COLLEGE","",""
"6/23/2022","Online Transfer to CHK ...6550 t","Online Transfer to CHK ...6550 t","2500.00","debit","Transfer","CHASE SAVINGS","",""
"6/21/2022","UBER TRIP 866-576-1039 CA","UBER TRIP 866-576-1039 CA","24.98","debit","Ride Share","DISCOVER IT CHROME CARD","",""
"6/21/2022","UNITED AIRLINES 18004214655 TX","UNITED AIRLINES 18004214655 TX","281.90","debit","Air Travel","DISCOVER IT CHROME CARD","",""
"6/20/2022","TARGET 00033415091 CHAMPAIGN IL","TARGET 00033415091 CHAMPAIGN IL","54.49","debit","Shopping","DISCOVER IT CHROME CARD","",""
"6/19/2022","UBERDIRECTTW USD UBER TR HELP.UBER.COMNL","UBERDIRECTTW USD UBER TR HELP.UBER.COMNL","0.67","debit","Ride Share","DISCOVER IT CHROME CARD","",""
"6/19/2022","AMERICAN AIRLINES FT WORTH TX","AMERICAN AIRLINES FT WORTH TX","411.60","debit","Air Travel","DISCOVER IT CHROME CARD","",""
"6/19/2022","COUNTY MARKET 515 CHAMPAIGN IL","COUNTY MARKET 515 CHAMPAIGN IL","97.67","debit","Groceries","DISCOVER IT CHROME CARD","",""
"6/19/2022","UNITED AIRLINES 18004214655 TX","UNITED AIRLINES 18004214655 TX","75.07","debit","Air Travel","DISCOVER IT CHROME CARD","",""
"6/19/2022","TRANSFER PCC TICKETS 8004480572 IL","TRANSFER PCC TICKETS 8004480572 IL","7.00","debit","Transfer","DISCOVER IT CHROME CARD","",""
"6/19/2022","PHO NOODLE STATION CHAMPAIGN IL","PHO NOODLE STATION CHAMPAIGN IL","33.21","debit","Restaurants","DISCOVER IT CHROME CARD","",""
"6/19/2022","UBER TRIP 866-576-1039 CA","UBER TRIP 866-576-1039 CA","169.24","debit","Ride Share","DISCOVER IT CHROME CARD","",""
"6/18/2022","1 PCC TICKETS 8004480572 IL","1 PCC TICKETS 8004480572 IL","39.00","debit","Business Services","DISCOVER IT CHROME CARD","",""
"6/17/2022","BANGKOK THAI CHAMPAIGN IL","BANGKOK THAI CHAMPAIGN IL","24.00","debit","Restaurants","DISCOVER IT CHROME CARD","",""
"6/17/2022","SPI*AMERENIL SAINT LOUIS MO","SPI*AMERENIL SAINT LOUIS MO","18.29","debit","Utilities","DISCOVER IT CHROME CARD","",""
"6/17/2022","GRAYBAR ELECTRIC PAYROLL PPD ID: 2130794380","GRAYBAR ELECTRIC PAYROLL","1097.07","credit","Paycheck","CHASE SAVINGS","",""
"6/16/2022","UBER TRIP 866-576-1039 CA","UBER TRIP 866-576-1039 CA","9.99","debit","Ride Share","DISCOVER IT CHROME CARD","",""
"6/16/2022","UBER TRIP 866-576-1039 CA","UBER TRIP 866-576-1039 CA","9.98","debit","Ride Share","DISCOVER IT CHROME CARD","",""
"6/16/2022","ASPEN CHAMPAIGN I 1468 CHAMPAIGN IL","ASPEN CHAMPAIGN I 1468 CHAMPAIGN IL","102.00","debit","Business Services","DISCOVER IT CHROME CARD","",""
"6/16/2022","UBER TRIP 866-576-1039 CA","UBER TRIP 866-576-1039 CA","2.00","debit","Ride Share","DISCOVER IT CHROME CARD","",""
"6/16/2022","UBER TRIP 866-576-1039 CA","UBER TRIP 866-576-1039 CA","1.50","debit","Ride Share","DISCOVER IT CHROME CARD","",""
"6/14/2022","OOZU RAMEN BAR CHAMPAIGN IL","OOZU RAMEN BAR CHAMPAIGN IL","22.34","debit","Restaurants","DISCOVER IT CHROME CARD","",""
"6/14/2022","CAFFE BENE GREEN INC CHAMPAIGN IL","CAFFE BENE GREEN INC CHAMPAIGN IL","8.86","debit","Restaurants","DISCOVER IT CHROME CARD","",""
"6/14/2022","DISCOVER         E-PAYMENT  9796","DISCOVER         E-PAYMENT  9796","400.00","debit","Credit Card Payment","CHASE COLLEGE","",""
"6/14/2022","SCHWAB BROKERAGE MONEYLINK","SCHWAB BROKERAGE MONEYLINK","3000.00","debit","Transfer","CHASE COLLEGE","",""
"6/14/2022","BOOK TRANSFER CREDIT B/O: FIRST","BOOK TRANSFER CREDIT B/O: FIRST","30000.00","credit","Transfer","CHASE SAVINGS","",""
"6/14/2022","INTERNATIONAL INCOMING WIRE FEE","INTERNATIONAL INCOMING WIRE FEE","15.00","debit","Sporting Goods","CHASE SAVINGS","",""
"6/13/2022","SHAWARMA JOINT CHAMPAIGN IL","SHAWARMA JOINT CHAMPAIGN IL","31.99","debit","Restaurants","DISCOVER IT CHROME CARD","",""
"6/13/2022","TARGET 00033415091 CHAMPAIGN IL","TARGET 00033415091 CHAMPAIGN IL","3.52","debit","Shopping","DISCOVER IT CHROME CARD","",""
"6/13/2022","TST* FOUR BREAKFAST & MO CHAMPAIGN IL","TST* FOUR BREAKFAST & MO CHAMPAIGN IL","31.77","debit","Restaurants","DISCOVER IT CHROME CARD","",""
"6/13/2022","INTERNET PAYMENT - THANK YOU","INTERNET PAYMENT - THANK YOU","400.00","credit","Credit Card Payment","DISCOVER IT CHROME CARD","",""
"6/13/2022","REMOTE ONLINE DEPOSIT #","REMOTE ONLINE DEPOSIT #","2500.00","credit","Transfer","CHASE SAVINGS","",""
"6/13/2022","Online Transfer to CHK ...6550 t","Online Transfer to CHK ...6550 t","2000.00","debit","Transfer","CHASE SAVINGS","",""
"6/13/2022","Online Transfer from SAV ...7912","Online Transfer from SAV ...7912","2000.00","credit","Transfer","CHASE COLLEGE","",""
"6/11/2022","ELEVATE TRAMPOLINE PARK CHAMPAIGN IL","ELEVATE TRAMPOLINE PARK CHAMPAIGN IL","22.17","debit","Gym","DISCOVER IT CHROME CARD","",""
"6/11/2022","TARGET 00033415091 CHAMPAIGN IL","TARGET 00033415091 CHAMPAIGN IL","29.41","debit","Shopping","DISCOVER IT CHROME CARD","",""
"6/11/2022","KOHINOOR INDIAN REST. CHAMPAIGN IL","KOHINOOR INDIAN REST. CHAMPAIGN IL","45.03","debit","Restaurants","DISCOVER IT CHROME CARD","",""
"6/09/2022","SHAWARMA JOINT CHAMPAIGN IL","SHAWARMA JOINT CHAMPAIGN IL","16.00","debit","Restaurants","DISCOVER IT CHROME CARD","",""
"6/08/2022","DISCOVER         E-PAYMENT  9796","DISCOVER         E-PAYMENT  9796","2633.00","debit","Credit Card Payment","CHASE COLLEGE","",""
"6/07/2022","CAFFE BENE GREEN INC CHAMPAIGN IL","CAFFE BENE GREEN INC CHAMPAIGN IL","7.75","debit","Restaurants","DISCOVER IT CHROME CARD","",""
"6/07/2022","CAFFE BENE GREEN INC CHAMPAIGN IL","CAFFE BENE GREEN INC CHAMPAIGN IL","2.84","debit","Restaurants","DISCOVER IT CHROME CARD","",""
"6/07/2022","Online Transfer to CHK ...6550 t","Online Transfer to CHK ...6550 t","3500.00","debit","Transfer","CHASE SAVINGS","",""
"6/07/2022","Online Transfer from SAV ...7912","Online Transfer from SAV ...7912","3500.00","credit","Transfer","CHASE COLLEGE","",""
"6/06/2022","ANDERSON DENTAL CHAMPAIGN IL","ANDERSON DENTAL CHAMPAIGN IL","99.00","debit","Dentist","DISCOVER IT CHROME CARD","",""
"6/06/2022","UBER TRIP 866-576-1039 CA","UBER TRIP 866-576-1039 CA","12.94","debit","Ride Share","DISCOVER IT CHROME CARD","",""
"6/06/2022","INTERNET PAYMENT - THANK YOU","INTERNET PAYMENT - THANK YOU","2633.00","credit","Credit Card Payment","DISCOVER IT CHROME CARD","",""
"6/06/2022","UBER TRIP 866-576-1039 CA","UBER TRIP 866-576-1039 CA","9.92","debit","Ride Share","DISCOVER IT CHROME CARD","",""
"6/06/2022","TARGET 00033415091 CHAMPAIGN IL","TARGET 00033415091 CHAMPAIGN IL","7.05","debit","Shopping","DISCOVER IT CHROME CARD","",""
"6/06/2022","UBER TRIP 866-576-1039 CA","UBER TRIP 866-576-1039 CA","1.85","debit","Ride Share","DISCOVER IT CHROME CARD","",""
"6/06/2022","INTEREST PAYMENT","INTEREST PAYMENT","0.18","credit","Interest Income","CHASE SAVINGS","",""
"6/05/2022","COUNTY MARKET 515 CHAMPAIGN IL","COUNTY MARKET 515 CHAMPAIGN IL","40.60","debit","Groceries","DISCOVER IT CHROME CARD","",""
"6/05/2022","SQ *TWIN CITY THEATRE CHAMPAIGN IL
0002305843015766568286","SQ *TWIN CITY THEATRE CHAMPAIGN IL
0002305843015766568286","12.00","debit","Movies & DVDs","DISCOVER IT CHROME CARD","",""
"6/05/2022","TST* MIA ZA'S CHAMPAIGN IL","TST* MIA ZA'S CHAMPAIGN IL","9.76","debit","Restaurants","DISCOVER IT CHROME CARD","",""
"6/04/2022","COUNTY MARKET 515 CHAMPAIGN IL","COUNTY MARKET 515 CHAMPAIGN IL","94.41","debit","Groceries","DISCOVER IT CHROME CARD","",""
"6/03/2022","SUSHI ICHIBAN CHAMPAIGN IL","SUSHI ICHIBAN CHAMPAIGN IL","18.00","debit","Restaurants","DISCOVER IT CHROME CARD","",""
"6/03/2022","TARGET 00033415091 CHAMPAIGN IL","TARGET 00033415091 CHAMPAIGN IL","9.83","debit","Shopping","DISCOVER IT CHROME CARD","",""
"6/03/2022","PARIS SUPER CREPES 3126479155 IL","PARIS SUPER CREPES 3126479155 IL","9.81","debit","Restaurants","DISCOVER IT CHROME CARD","",""
"6/03/2022","GRAYBAR ELECTRIC PAYROLL PPD ID: 2130794380","GRAYBAR ELECTRIC PAYROLL","1164.19","credit","Paycheck","CHASE SAVINGS","",""
"6/02/2022","SUSHI ICHIBAN CHAMPAIGN IL","SUSHI ICHIBAN CHAMPAIGN IL","17.64","debit","Restaurants","DISCOVER IT CHROME CARD","",""
"6/02/2022","TARGET 00033415091 CHAMPAIGN IL","TARGET 00033415091 CHAMPAIGN IL","34.46","debit","Shopping","DISCOVER IT CHROME CARD","",""
"6/02/2022","CAFFE BENE GREEN INC CHAMPAIGN IL","CAFFE BENE GREEN INC CHAMPAIGN IL","8.86","debit","Restaurants","DISCOVER IT CHROME CARD","",""
"6/02/2022","CAFFE BENE GREEN INC CHAMPAIGN IL","CAFFE BENE GREEN INC CHAMPAIGN IL","2.51","debit","Restaurants","DISCOVER IT CHROME CARD","",""
"6/01/2022","SQ *ESPRESSO ROYALE VI CHAMPAIGN IL
0002305843015738211163","SQ *ESPRESSO ROYALE VI CHAMPAIGN IL
0002305843015738211163","7.13","debit","Coffee Shops","DISCOVER IT CHROME CARD","",""
"6/01/2022","UBER TRIP 866-576-1039 CA","UBER TRIP 866-576-1039 CA","2.30","debit","Ride Share","DISCOVER IT CHROME CARD","",""
"6/01/2022","UBER TRIP 866-576-1039 CA","UBER TRIP 866-576-1039 CA","12.92","debit","Ride Share","DISCOVER IT CHROME CARD","",""
"6/01/2022","DRS GROTE & FOREMAN CHAMPAIGN IL","DRS GROTE & FOREMAN CHAMPAIGN IL","1325.00","debit","Doctor","DISCOVER IT CHROME CARD","",""
"6/01/2022","SQ *ESPRESSO ROYALE VI CHAMPAIGN IL
0001152921511456848344","SQ *ESPRESSO ROYALE VI CHAMPAIGN IL
0001152921511456848344","4.34","debit","Coffee Shops","DISCOVER IT CHROME CARD","",""
"6/01/2022","UBER TRIP 866-576-1039 CA","UBER TRIP 866-576-1039 CA","13.97","debit","Ride Share","DISCOVER IT CHROME CARD","",""
"6/01/2022","UBER TRIP 866-576-1039 CA","UBER TRIP 866-576-1039 CA","2.30","debit","Ride Share","DISCOVER IT CHROME CARD","",""
"6/01/2022","The University G WEB PMTS   P6FK","The University G WEB PMTS   P6FK","800.00","debit","Mortgage & Rent","CHASE COLLEGE","",""
"5/31/2022","SUSHI ICHIBAN CHAMPAIGN IL","SUSHI ICHIBAN CHAMPAIGN IL","37.00","debit","Restaurants","DISCOVER IT CHROME CARD","",""
"5/31/2022","C SCHWAB         TRIALCREDT 4586","C SCHWAB         TRIALCREDT 4586","0.10","debit","Transfer","CHASE COLLEGE","",""
"5/31/2022","Zelle payment to BENI 1444679817","Zelle payment to BENI 1444679817","35.00","debit","Transfer","CHASE COLLEGE","",""
"5/31/2022","C SCHWAB         TRIALCREDT","C SCHWAB         TRIALCREDT","0.08","credit","Income","CHASE COLLEGE","",""
"5/31/2022","C SCHWAB         TRIALCREDT","C SCHWAB         TRIALCREDT","0.02","credit","Income","CHASE COLLEGE","",""
"5/30/2022","COUNTY MARKET 515 CHAMPAIGN IL","COUNTY MARKET 515 CHAMPAIGN IL","67.01","credit","Groceries","DISCOVER IT CHROME CARD","",""
"5/29/2022","SUSHI MAN CHAMPAIGN IL","SUSHI MAN CHAMPAIGN IL","24.67","debit","Restaurants","DISCOVER IT CHROME CARD","",""
"5/29/2022","FRESH INTL. MARKET CHAMPAIGN IL","FRESH INTL. MARKET CHAMPAIGN IL","102.80","debit","Groceries","DISCOVER IT CHROME CARD","",""
"5/29/2022","HIMALAYAN CHIMNEY CHAMPAIGN IL
APPLE PAY ENDING IN 8303","HIMALAYAN CHIMNEY CHAMPAIGN IL
APPLE PAY ENDING IN 8303","44.71","debit","Business Services","DISCOVER IT CHROME CARD","",""
"5/28/2022","COUNTY MARKET 515 CHAMPAIGN IL","COUNTY MARKET 515 CHAMPAIGN IL","137.25","debit","Groceries","DISCOVER IT CHROME CARD","",""
"5/28/2022","TST* MIA ZA'S CHAMPAIGN IL","TST* MIA ZA'S CHAMPAIGN IL","7.08","debit","Restaurants","DISCOVER IT CHROME CARD","",""
"5/27/2022","SHAWARMA JOINT CHAMPAIGN IL","SHAWARMA JOINT CHAMPAIGN IL","16.00","debit","Restaurants","DISCOVER IT CHROME CARD","",""
"5/27/2022","SQ *BURRITO KING CHAMPAIGN IL
0002305843015710535495","SQ *BURRITO KING CHAMPAIGN IL
0002305843015710535495","11.14","debit","Restaurants","DISCOVER IT CHROME CARD","",""
"5/27/2022","TARGET 00033415091 CHAMPAIGN IL","TARGET 00033415091 CHAMPAIGN IL","30.06","debit","Shopping","DISCOVER IT CHROME CARD","",""
"5/27/2022","Zelle payment to SHUBHENDU JPM99","Zelle payment to SHUBHENDU JPM99","10.00","debit","Transfer","CHASE COLLEGE","",""
"5/26/2022","SUSHI ICHIBAN CHAMPAIGN IL","SUSHI ICHIBAN CHAMPAIGN IL","18.22","debit","Restaurants","DISCOVER IT CHROME CARD","",""
"5/26/2022","1 PCC TICKETS 8004480572 IL","1 PCC TICKETS 8004480572 IL","39.00","debit","Business Services","DISCOVER IT CHROME CARD","",""
"5/26/2022","Online Transfer to CHK ...6550 t","Online Transfer to CHK ...6550 t","1500.00","debit","Transfer","CHASE SAVINGS","",""
"5/26/2022","ASPEN CHAMPAIGN I 1468 CHAMPAIGN","ASPEN CHAMPAIGN I 1468 CHAMPAIGN","19.00","debit","Business Services","CHASE COLLEGE","",""
"5/26/2022","Online Transfer from SAV ...7912","Online Transfer from SAV ...7912","1500.00","credit","Transfer","CHASE COLLEGE","",""
"5/26/2022","Zelle payment to SHUBHENDU JPM99","Zelle payment to SHUBHENDU JPM99","7.50","debit","Transfer","CHASE COLLEGE","",""
"5/25/2022","CVS/PHARMACY #08683 CHAMPAIGN IL","CVS/PHARMACY #08683 CHAMPAIGN IL","22.09","debit","Pharmacy","DISCOVER IT CHROME CARD","",""
"5/25/2022","RED LOBSTER 6226 URBANA IL","RED LOBSTER 6226 URBANA IL","24.99","debit","Restaurants","DISCOVER IT CHROME CARD","",""
"5/25/2022","UBER TRIP HELP.UBER.CO SAN FRANCISCOCA","UBER TRIP HELP.UBER.CO SAN FRANCISCOCA","3.00","debit","Ride Share","DISCOVER IT CHROME CARD","",""
"5/25/2022","UBER PENDING SAN FRANCISCOCA","UBER PENDING SAN FRANCISCOCA","9.90","debit","Ride Share","DISCOVER IT CHROME CARD","",""
"5/25/2022","UBER TRIP HELP.UBER.CO SAN FRANCISCOCA","UBER TRIP HELP.UBER.CO SAN FRANCISCOCA","1.60","debit","Ride Share","DISCOVER IT CHROME CARD","",""
"5/25/2022","UBER PENDING SAN FRANCISCOCA","UBER PENDING SAN FRANCISCOCA","10.99","debit","Ride Share","DISCOVER IT CHROME CARD","",""
"5/25/2022","ASPEN CHAMPAIGN I 1468 CHAMPAIGN IL","ASPEN CHAMPAIGN I 1468 CHAMPAIGN IL","492.00","debit","Business Services","DISCOVER IT CHROME CARD","",""
"5/25/2022","SUSHI MAN CHAMPAIGN IL","SUSHI MAN CHAMPAIGN IL","12.82","debit","Restaurants","DISCOVER IT CHROME CARD","",""
"5/25/2022","DISCOVER         E-PAYMENT  9796","DISCOVER         E-PAYMENT  9796","35.78","debit","Credit Card Payment","CHASE COLLEGE","",""
"5/24/2022","WALGREENS #1156 CHAMPAIGN IL","WALGREENS #1156 CHAMPAIGN IL","14.12","debit","Pharmacy","DISCOVER IT CHROME CARD","",""
"5/24/2022","WALGREENS #1156 CHAMPAIGN IL","WALGREENS #1156 CHAMPAIGN IL","7.56","debit","Pharmacy","DISCOVER IT CHROME CARD","",""
"5/24/2022","NOODLES & COMPANY 9502 CHAMPAIGN IL
02472R","NOODLES & COMPANY 9502 CHAMPAIGN IL
02472R","14.42","debit","Restaurants","DISCOVER IT CHROME CARD","",""
"5/24/2022","UBER TRIP HELP.UBER.CO SAN FRANCISCOCA","UBER TRIP HELP.UBER.CO SAN FRANCISCOCA","2.20","debit","Ride Share","DISCOVER IT CHROME CARD","",""
"5/24/2022","TARGET 00033415091 CHAMPAIGN IL","TARGET 00033415091 CHAMPAIGN IL","11.37","debit","Shopping","DISCOVER IT CHROME CARD","",""
"5/24/2022","UBER TRIP 866-576-1039 CA","UBER TRIP 866-576-1039 CA","10.98","debit","Ride Share","DISCOVER IT CHROME CARD","",""
"5/24/2022","INTERNET PAYMENT - THANK YOU","INTERNET PAYMENT - THANK YOU","35.78","credit","Credit Card Payment","DISCOVER IT CHROME CARD","",""
"5/24/2022","UBER EATS 866-576-1039 CA","UBER EATS 866-576-1039 CA","4.22","debit","Food Delivery","DISCOVER IT CHROME CARD","",""
"5/24/2022","UBER EATS 866-576-1039 CA","UBER EATS 866-576-1039 CA","14.60","debit","Food Delivery","DISCOVER IT CHROME CARD","",""
"5/23/2022","Discover E","DISCOVER         E-PAYMENT  9796","260.00","debit","Credit Card Payment","CHASE COLLEGE","",""
"5/22/2022","COUNTY MARKET 515 CHAMPAIGN IL","COUNTY MARKET 515 CHAMPAIGN IL","81.92","debit","Groceries","DISCOVER IT CHROME CARD","",""
"5/22/2022","Sq Jip Bap","SQ *JIP BAP-TASTE OF K CHAMPAIGN IL
0001152921511423291587","17.23","debit","Charity","DISCOVER IT CHROME CARD","",""
"5/22/2022","INTERNET PAYMENT - THANK YOU","INTERNET PAYMENT - THANK YOU","260.00","credit","Credit Card Payment","DISCOVER IT CHROME CARD","",""
"5/21/2022","Pho Noodle Station","PHO NOODLE STATION CHAMPAIGN IL","19.17","debit","Uncategorized","DISCOVER IT CHROME CARD","",""
"5/20/2022","NOODLES & COMPANY 9502 CHAMPAIGN IL
APPLE PAY ENDING IN 8303
02082R","NOODLES & COMPANY 9502 CHAMPAIGN IL
APPLE PAY ENDING IN 8303
02082R","13.79","debit","Restaurants","DISCOVER IT CHROME CARD","",""
"5/19/2022","SHAWARMA JOINT CHAMPAIGN IL","SHAWARMA JOINT CHAMPAIGN IL","16.00","debit","Restaurants","DISCOVER IT CHROME CARD","",""
"5/19/2022","VENMO            PAYMENT    1020","VENMO            PAYMENT    1020","34.00","debit","Transfer","CHASE COLLEGE","",""
"5/18/2022","UBER EATS 8005928996 CA","UBER EATS 8005928996 CA","6.57","credit","Food Delivery","DISCOVER IT CHROME CARD","",""
"5/17/2022","TARGET 00033415091 CHAMPAIGN IL","TARGET 00033415091 CHAMPAIGN IL","11.89","debit","Shopping","DISCOVER IT CHROME CARD","",""
"5/17/2022","YOGI KOREAN RESTAURANT CHAMPAIGN IL","YOGI KOREAN RESTAURANT CHAMPAIGN IL","15.60","debit","Restaurants","DISCOVER IT CHROME CARD","",""
"5/17/2022","UBER EATS 866-576-1039 CA","UBER EATS 866-576-1039 CA","5.05","debit","Food Delivery","DISCOVER IT CHROME CARD","",""
"5/17/2022","UBER EATS 866-576-1039 CA","UBER EATS 866-576-1039 CA","29.63","debit","Food Delivery","DISCOVER IT CHROME CARD","",""
"5/16/2022","Zelle payment from SHAURYA SINGH","Zelle payment from SHAURYA SINGH","27.00","credit","Transfer","CHASE COLLEGE","",""
"5/15/2022","COUNTY MARKET 515 CHAMPAIGN IL","COUNTY MARKET 515 CHAMPAIGN IL","88.05","debit","Groceries","DISCOVER IT CHROME CARD","",""
"5/15/2022","OOZU RAMEN BAR CHAMPAIGN IL","OOZU RAMEN BAR CHAMPAIGN IL","40.96","debit","Restaurants","DISCOVER IT CHROME CARD","",""
"5/15/2022","C-U LA LA NOODLE CHAMPAIGN IL","C-U LA LA NOODLE CHAMPAIGN IL","18.00","debit","Restaurants","DISCOVER IT CHROME CARD","",""
"5/14/2022","TACO BELL 016248 URBANA IL","TACO BELL 016248 URBANA IL","5.54","debit","Fast Food","DISCOVER IT CHROME CARD","",""
"5/13/2022","SHAWARMA JOINT CHAMPAIGN IL","SHAWARMA JOINT CHAMPAIGN IL","22.66","debit","Restaurants","DISCOVER IT CHROME CARD","",""
"5/13/2022","TARGET 00033415091 CHAMPAIGN IL","TARGET 00033415091 CHAMPAIGN IL","34.57","debit","Shopping","DISCOVER IT CHROME CARD","",""
"5/12/2022","DISCOVER         E-PAYMENT  9796","DISCOVER         E-PAYMENT  9796","50.00","debit","Credit Card Payment","CHASE COLLEGE","",""
"5/11/2022","INTERNET PAYMENT - THANK YOU","INTERNET PAYMENT - THANK YOU","50.00","credit","Credit Card Payment","DISCOVER IT CHROME CARD","",""
"5/07/2022","OOZU RAMEN BAR CHAMPAIGN IL","OOZU RAMEN BAR CHAMPAIGN IL","19.17","debit","Restaurants","DISCOVER IT CHROME CARD","",""
"5/05/2022","INTEREST PAYMENT","INTEREST PAYMENT","0.16","credit","Interest Income","CHASE SAVINGS","",""
"5/04/2022","Uber.com","UBER PENDING SAN FRANCISCOCA","12.96","debit","Rental Car & Taxi","DISCOVER IT CHROME CARD","",""
"5/04/2022","Uber.com","UBER TRIP HELP.UBER.CO SAN FRANCISCOCA","2.00","debit","Rental Car & Taxi","DISCOVER IT CHROME CARD","",""
"5/04/2022","Uber.com","UBER TRIP 866-576-1039 CA","12.98","debit","Rental Car & Taxi","DISCOVER IT CHROME CARD","",""
"5/04/2022","Uber.com","UBER TRIP HELP.UBER.CO SAN FRANCISCOCA","1.70","debit","Rental Car & Taxi","DISCOVER IT CHROME CARD","",""
"5/04/2022","IRS  TREAS 310     TAX REF","IRS  TREAS 310     TAX REF","1400.00","credit","Federal Tax","CHASE SAVINGS","",""
"5/02/2022","OOZU RAMEN BAR CHAMPAIGN IL","OOZU RAMEN BAR CHAMPAIGN IL","17.88","debit","Restaurants","DISCOVER IT CHROME CARD","",""
"5/01/2022","SAUCE SAUCE 402-935-7733 CA","PAYPAL *SAUCE SAUCE 402-935-7733 CA","2.00","debit","Business Services","DISCOVER IT CHROME CARD","",""
"4/29/2022","VENMO            PAYMENT    1019","VENMO            PAYMENT    1019","299.99","debit","Transfer","CHASE COLLEGE","",""
"4/28/2022","Online Transfer from SAV ...7912","Online Transfer from SAV ...7912","1000.00","credit","Transfer","CHASE COLLEGE","",""
"4/28/2022","Zelle payment to DEOK 1421693153","Zelle payment to DEOK 1421693153","500.00","debit","Transfer","CHASE COLLEGE","",""
"4/28/2022","Online Transfer to CHK ...6550 t","Online Transfer to CHK ...6550 t","1000.00","debit","Transfer","CHASE SAVINGS","",""
"4/27/2022","DISCOVER         E-PAYMENT  9796","DISCOVER         E-PAYMENT  9796","35.78","debit","Credit Card Payment","CHASE COLLEGE","",""
"4/27/2022","UNIVERSITY OF IL INVOICE","UNIVERSITY OF IL INVOICE","65.00","credit","Income","CHASE SAVINGS","",""
"4/26/2022","INTERNET PAYMENT - THANK YOU","INTERNET PAYMENT - THANK YOU","35.78","credit","Credit Card Payment","DISCOVER IT CHROME CARD","",""
"4/25/2022","Potbelly Sandwich Works","POTBELLY #69 CHAMPAIGN IL
02537R","10.44","debit","Fast Food","DISCOVER IT CHROME CARD","",""
"4/25/2022","DISCOVER E-PAYMENT 9796 WEB ID: 2510020270","DISCOVER         E-PAYMENT  9796","16.48","debit","Credit Card Payment","CHASE COLLEGE","",""
"4/25/2022","Basil Thai","CKE*BASIL THAI AT UR 70 URBANA I","13.35","debit","Restaurants","CHASE COLLEGE","",""
"4/25/2022","Basil Thai","CKE*BASIL THAI AT UR 70 URBANA I","4.39","debit","Restaurants","CHASE COLLEGE","",""
"4/25/2022","TST* TENKO TEA - CHAMPA URBANA I L 04/23","TST* TENKO TEA - CHAMPA URBANA I","6.03","debit","Coffee Shops","CHASE COLLEGE","",""
"4/25/2022","Panda Express","PANDA EXPRESS #2341 CHAMPAIGN IL","11.26","debit","Fast Food","CHASE COLLEGE","",""
"4/23/2022","INTERNET PAYMENT - THANK YOU","INTERNET PAYMENT - THANK YOU","16.48","credit","Credit Card Payment","DISCOVER IT CHROME CARD","",""
"4/22/2022","AIRBNB  HM8248QX3K AIRBNB.COM CA","AIRBNB  HM8248QX3K AIRBNB.COM CA","175.39","debit","Hotel","CHASE COLLEGE","",""
"4/14/2022","AMAZON MUSIC*1A3A35Z42 888-802-3080 WA
17DO6I8UE7K","AMAZON MUSIC*1A3A35Z42 888-802-3080 WA
17DO6I8UE7K","7.99","debit","Music","DISCOVER IT CHROME CARD","",""
"4/14/2022","AMAZON.COM*1O6IH43T1 AMZN.COM/BILLWA
477M5OGL1BE","AMAZON.COM*1O6IH43T1 AMZN.COM/BILLWA
477M5OGL1BE","1.08","debit","Shopping","DISCOVER IT CHROME CARD","",""
"4/14/2022","DISCOVER E-PAYMENT 9796 WEB ID: 2510020270","DISCOVER         E-PAYMENT  9796","60.00","debit","Credit Card Payment","CHASE COLLEGE","",""
"4/13/2022","INTERNET PAYMENT - THANK YOU","INTERNET PAYMENT - THANK YOU","60.00","credit","Credit Card Payment","DISCOVER IT CHROME CARD","",""
"4/12/2022","SUSHI ICHIBAN CHAMPAIGN IL","SUSHI ICHIBAN CHAMPAIGN IL","17.49","debit","Restaurants","DISCOVER IT CHROME CARD","",""
"4/09/2022","Sushi Ichiban","SUSHI ICHIBAN CHAMPAIGN IL","17.49","debit","Restaurants","DISCOVER IT CHROME CARD","",""
"4/07/2022","ACADEMIC HONESTY 4167777777 CAN","ACADEMIC HONESTY 4167777777 CAN","4.99","debit","Entertainment","DISCOVER IT CHROME CARD","",""
"4/06/2022","INTEREST PAYMENT","INTEREST PAYMENT","0.18","credit","Interest Income","CHASE SAVINGS","",""
"4/01/2022","SUSHI ICHIBAN CHAMPAIGN IL","SUSHI ICHIBAN CHAMPAIGN IL","38.77","debit","Restaurants","DISCOVER IT CHROME CARD","",""
"4/01/2022","TARGET 00033415091 CHAMPAIGN IL","TARGET 00033415091 CHAMPAIGN IL","3.70","debit","Shopping","DISCOVER IT CHROME CARD","",""
"3/31/2022","ACADEMIC HONESTY 4167777777 CAN","ACADEMIC HONESTY 4167777777 CAN","1.50","debit","Misc Expenses","DISCOVER IT CHROME CARD","",""
"3/29/2022","VENMO            PAYMENT    1019","VENMO            PAYMENT    1019","33.00","debit","Transfer","CHASE COLLEGE","",""
"3/28/2022","TIGER SUGAR CHAMPAIGN IL","TIGER SUGAR CHAMPAIGN IL","7.00","debit","Restaurants","DISCOVER IT CHROME CARD","",""
"3/28/2022","DISCOVER         E-PAYMENT  9796","DISCOVER         E-PAYMENT  9796","16.48","debit","Credit Card Payment","CHASE COLLEGE","",""
"3/26/2022","YOGI KOREAN RESTAURANT CHAMPAIGN IL","YOGI KOREAN RESTAURANT CHAMPAIGN IL","12.25","debit","Restaurants","DISCOVER IT CHROME CARD","",""
"3/25/2022","INTERNET PAYMENT - THANK YOU","INTERNET PAYMENT - THANK YOU","16.48","credit","Credit Card Payment","DISCOVER IT CHROME CARD","",""
"3/23/2022","Target","TARGET ST 603 E GREEN CHAMPAIGN","27.06","debit","Shopping","CHASE COLLEGE","",""
"3/21/2022","VENMO            PAYMENT    1019","VENMO            PAYMENT    1019","20.00","debit","Transfer","CHASE COLLEGE","",""
"3/21/2022","DISCOVER         E-PAYMENT  9796","DISCOVER         E-PAYMENT  9796","365.00","debit","Credit Card Payment","CHASE COLLEGE","",""
"3/21/2022","VENMO            PAYMENT    1019","VENMO            PAYMENT    1019","11.25","debit","Transfer","CHASE COLLEGE","",""
"3/19/2022","INTERNET PAYMENT - THANK YOU","INTERNET PAYMENT - THANK YOU","365.00","credit","Credit Card Payment","DISCOVER IT CHROME CARD","",""
"3/18/2022","VENMO            PAYMENT    1019","VENMO            PAYMENT    1019","16.00","debit","Transfer","CHASE COLLEGE","",""
"3/17/2022","WWW.ADLERPLANETARIUM.O 312-922-7827 IL
3277304","WWW.ADLERPLANETARIUM.O 312-922-7827 IL
3277304","13.00","debit","Travel","DISCOVER IT CHROME CARD","",""
"3/17/2022","OBERWEIS DAIRY WESTERN SPRGSIL","OBERWEIS DAIRY WESTERN SPRGSIL","5.54","debit","Groceries","DISCOVER IT CHROME CARD","",""
"3/16/2022","SQ *BUBBLELICIOUS CHIC CHICAGO IL
0002305843015326888492","SQ *BUBBLELICIOUS CHIC CHICAGO IL
0002305843015326888492","8.55","debit","Restaurants","DISCOVER IT CHROME CARD","",""
"3/16/2022","TST* FRONTERA GRILL CHICAGO IL","TST* FRONTERA GRILL CHICAGO IL","38.22","debit","Restaurants","DISCOVER IT CHROME CARD","",""
"3/16/2022","CHICK-FIL-A CHICAGO UN CHICAGO IL","CHICK-FIL-A CHICAGO UN CHICAGO IL","5.33","debit","Fast Food","DISCOVER IT CHROME CARD","",""
"3/16/2022","NAME-CHEAP.COM* PSHIUQ 3233752822 AZ","NAME-CHEAP.COM* PSHIUQ 3233752822 AZ","56.64","debit","Business Services","DISCOVER IT CHROME CARD","",""
"3/15/2022","SHAKE SHACK 1135 CHICAGO IL
01573R","SHAKE SHACK 1135 CHICAGO IL
01573R","11.52","debit","Fast Food","DISCOVER IT CHROME CARD","",""
"3/15/2022","SIREN53313 CHICAGO IL
719414","SIREN53313 CHICAGO IL
719414","5.03","debit","Gas & Fuel","DISCOVER IT CHROME CARD","",""
"3/15/2022","SQ *TE'AMO BOBA BAR CHICAGO IL
0002305843015321453315","SQ *TE'AMO BOBA BAR CHICAGO IL
0002305843015321453315","8.40","debit","Coffee Shops","DISCOVER IT CHROME CARD","",""
"3/15/2022","SIREN53313 CHICAGO IL
711922","SIREN53313 CHICAGO IL
711922","6.15","debit","Gas & Fuel","DISCOVER IT CHROME CARD","",""
"3/15/2022","DISCOVER         E-PAYMENT  9796","DISCOVER         E-PAYMENT  9796","34.15","debit","Credit Card Payment","CHASE COLLEGE","",""
"3/14/2022","VAIL PASS SALES 0374 VAIL CO","VAIL PASS SALES 0374 VAIL CO","46.42","debit","Travel","DISCOVER IT CHROME CARD","",""
"3/13/2022","WILMOT MOUNTAIN F&B WILMOT WI","WILMOT MOUNTAIN F&B WILMOT WI","23.21","debit","Restaurants","DISCOVER IT CHROME CARD","",""
"3/13/2022","VAIL PASS SALES 0374 888-838-0495 CO","VAIL PASS SALES 0374 888-838-0495 CO","46.42","debit","Travel","DISCOVER IT CHROME CARD","",""
"3/13/2022","VAIL PASS SALES 0374 888-838-0495 CO","VAIL PASS SALES 0374 888-838-0495 CO","78.07","debit","Travel","DISCOVER IT CHROME CARD","",""
"3/13/2022","INTERNET PAYMENT - THANK YOU","INTERNET PAYMENT - THANK YOU","34.15","credit","Credit Card Payment","DISCOVER IT CHROME CARD","",""
"3/12/2022","WILMOT MOUNTAIN F&B WILMOT WI","WILMOT MOUNTAIN F&B WILMOT WI","4.22","debit","Restaurants","DISCOVER IT CHROME CARD","",""
"3/12/2022","WILMOT MOUNTAIN F&B WILMOT WI","WILMOT MOUNTAIN F&B WILMOT WI","12.92","debit","Restaurants","DISCOVER IT CHROME CARD","",""
"3/10/2022","Zelle payment to Sejal Jindal JP","Zelle payment to Sejal Jindal JP","17.40","debit","Transfer","CHASE COLLEGE","",""
"3/09/2022","Einstein Bros","EINSTEIN BROS BAGELS URBANA IL","4.43","debit","Restaurants","DISCOVER IT CHROME CARD","",""
"3/05/2022","C-U LA LA NOODLE CHAMPAIGN IL","C-U LA LA NOODLE CHAMPAIGN IL","13.50","debit","Restaurants","DISCOVER IT CHROME CARD","",""
"3/04/2022","SQ *SPICY TANG CHAMPAIGN IL
0001152921511139056317","SQ *SPICY TANG CHAMPAIGN IL
0001152921511139056317","17.90","debit","Restaurants","DISCOVER IT CHROME CARD","",""
"3/04/2022","INTEREST PAYMENT","INTEREST PAYMENT","0.16","credit","Interest Income","CHASE SAVINGS","",""
"3/02/2022","Zelle payment from HIMNISH JAIN","Zelle payment from HIMNISH JAIN","124.99","credit","Transfer","CHASE COLLEGE","",""
"3/01/2022","QDOBA 2949 URBANA IL
00147R","QDOBA 2949 URBANA IL
00147R","10.16","debit","Fast Food","DISCOVER IT CHROME CARD","",""
"3/01/2022","Amazon Prime*1I22F8P Amzn.com/bi","Amazon Prime*1I22F8P Amzn.com/bi","6.99","debit","Shopping","CHASE COLLEGE","",""
"2/25/2022","DISCOVER         E-PAYMENT  9796","DISCOVER         E-PAYMENT  9796","34.15","debit","Credit Card Payment","CHASE COLLEGE","",""
"2/24/2022","INTERNET PAYMENT - THANK YOU","INTERNET PAYMENT - THANK YOU","34.15","credit","Credit Card Payment","DISCOVER IT CHROME CARD","",""
"2/24/2022","Online Transfer from SAV ...7912","Online Transfer from SAV ...7912","1000.00","credit","Transfer","CHASE COLLEGE","",""
"2/24/2022","Einstein Bros","EINSTEIN BROS BAGELS URBANA IL","4.43","debit","Restaurants","CHASE COLLEGE","",""
"2/24/2022","Online Transfer to CHK ...6550 t","Online Transfer to CHK ...6550 t","1000.00","debit","Transfer","CHASE SAVINGS","",""
"2/23/2022","DISCOVER         E-PAYMENT  9796","DISCOVER         E-PAYMENT  9796","114.70","debit","Credit Card Payment","CHASE COLLEGE","",""
"2/22/2022","UNIVERSITY OF IL INVOICE","UNIVERSITY OF IL INVOICE","1120.00","credit","Income","CHASE SAVINGS","",""
"2/22/2022","Einstein Bros","EINSTEIN BROS BAGELS URBANA IL","5.77","debit","Restaurants","CHASE COLLEGE","",""
"2/22/2022","TARGET ST 603 E GREEN CHAMPAIGN","TARGET ST 603 E GREEN CHAMPAIGN","18.51","debit","Shopping","CHASE COLLEGE","",""
"2/21/2022","INTERNET PAYMENT - THANK YOU","INTERNET PAYMENT - THANK YOU","114.70","credit","Credit Card Payment","DISCOVER IT CHROME CARD","",""
"2/20/2022","TST* MIA ZA S CHAMPAIGN IL","TST* MIA ZA S CHAMPAIGN IL","11.65","debit","Restaurants","DISCOVER IT CHROME CARD","",""
"2/19/2022","SUBWAY32309 32309 URBANA IL","SUBWAY32309 32309 URBANA IL","13.98","debit","Fast Food","DISCOVER IT CHROME CARD","",""
"2/16/2022","Einstein Bros","EINSTEIN BROS BAGELS URBANA IL","4.43","debit","Restaurants","DISCOVER IT CHROME CARD","",""
"2/16/2022","Zelle payment from MASON D PETER SON 13679270224","Zelle payment from MASON D PETER","6.01","credit","Transfer","CHASE COLLEGE","",""
"2/16/2022","Zelle payment to Mason Peterson 13679248039","Zelle payment to Mason Peterson","6.00","debit","Transfer","CHASE COLLEGE","",""
"2/14/2022","Taco Bell","TACO BELL 036321 CHAMPAIGN IL","6.90","debit","Fast Food","CHASE COLLEGE","",""
"2/09/2022","Einstein Bros","EINSTEIN BROS BAGELS URBANA IL","16.73","debit","Restaurants","DISCOVER IT CHROME CARD","",""
"2/09/2022","University Il Invoice","UNIVERSITY OF IL INVOICE","150.00","credit","Income","CHASE SAVINGS","",""
"2/05/2022","Signature Grill LLC","SIGNATURE GRILL LLC CHAMPAIGN IL","10.02","debit","Fast Food","DISCOVER IT CHROME CARD","",""
"2/05/2022","Paris Super Crepe Inc","PARIS SUPER CREPE CHAMPAIGN IL","8.64","debit","Restaurants","DISCOVER IT CHROME CARD","",""
"2/05/2022","Blaze Pizza","BLAZE PIZZA #1349 URBANA IL","10.48","debit","Fast Food","DISCOVER IT CHROME CARD","",""
"2/04/2022","INTEREST PAYMENT","INTEREST PAYMENT","0.14","credit","Interest Income","CHASE SAVINGS","",""
"1/31/2022","Amazon","Amazon Prime*L31ON2V Amzn.com/bi","6.99","debit","Shopping","CHASE COLLEGE","",""
"1/30/2022","FRESH INTL. MARKET CHAMPAIGN IL","FRESH INTL. MARKET CHAMPAIGN IL","47.37","debit","Groceries","DISCOVER IT CHROME CARD","",""
"1/25/2022","Noodles & Company","NOODLES & COMPANY 9502 CHAMPAIGN IL
02567R","11.71","debit","Restaurants","DISCOVER IT CHROME CARD","",""
"1/25/2022","Noodles & Company","NOODLES & COMPANY 9502 CHAMPAIGN IL
02560R","13.84","debit","Restaurants","DISCOVER IT CHROME CARD","",""
"1/25/2022","DISCOVER E-PAYMENT 9796 WEB ID: 2510020270","DISCOVER         E-PAYMENT  9796","53.02","debit","Credit Card Payment","CHASE COLLEGE","",""
"1/24/2022","INTERNET PAYMENT - THANK YOU","INTERNET PAYMENT - THANK YOU","53.02","credit","Credit Card Payment","DISCOVER IT CHROME CARD","",""
"1/24/2022","Zelle payment to BENI 1351688388 4","Zelle payment to BENI 1351688388","33.00","debit","Transfer","CHASE COLLEGE","",""
"1/24/2022","GOLDEN WHEAT CHAMPAIGN IL 01/22","GOLDEN WHEAT CHAMPAIGN IL","14.48","debit","Restaurants","CHASE COLLEGE","",""
"1/24/2022","GRANDCRAVINGSRESTAURANT CHAMPAIG N IL 01/21","GRANDCRAVINGSRESTAURANT CHAMPAIG","10.59","debit","Restaurants","CHASE COLLEGE","",""
"1/24/2022","Zelle payment to Tiffany Chen JP M969891018","Zelle payment to Tiffany Chen JP","12.00","debit","Transfer","CHASE COLLEGE","",""
"1/24/2022","BAKELAB Urbana IL 01/22","SQ *BAKELAB Urbana IL","12.76","debit","Restaurants","CHASE COLLEGE","",""
"1/24/2022","DISCOVER E-PAYMENT 9796 WEB ID: 2510020270","DISCOVER         E-PAYMENT  9796","261.06","debit","Credit Card Payment","CHASE COLLEGE","",""
"1/20/2022","INTERNET PAYMENT - THANK YOU","INTERNET PAYMENT - THANK YOU","261.06","credit","Credit Card Payment","DISCOVER IT CHROME CARD","",""
"1/19/2022","Amazon","AMZN MKTP US*KK12C5MR3 AMZN.COM/BILLWA
KH26NQS2AA2","18.52","debit","Shopping","DISCOVER IT CHROME CARD","",""
"1/18/2022","BANGKOK THAI CHAMPAIGN IL","BANGKOK THAI CHAMPAIGN IL","12.00","debit","Restaurants","DISCOVER IT CHROME CARD","",""
"1/18/2022","TST* MIA ZA S CHAMPAIGN IL","TST* MIA ZA S CHAMPAIGN IL","8.36","debit","Restaurants","DISCOVER IT CHROME CARD","",""
"1/17/2022","Target","TARGET CHAMPAIGN IL","54.45","debit","Shopping","DISCOVER IT CHROME CARD","",""
"1/17/2022","Amazon","AMZN MKTP US*028F03ZW3 AMZN.COM/BILLWA
76152V1AGUM","16.52","debit","Shopping","DISCOVER IT CHROME CARD","",""
"1/17/2022","Amazon","AMZN MKTP US*CE7095VC3 AMZN.COM/BILLWA
4NNYH6PANRV","14.03","debit","Shopping","DISCOVER IT CHROME CARD","",""
"1/16/2022","American Airlines","AMERICANAIR0010286515398 DALLAS TX","30.00","debit","Air Travel","DISCOVER IT CHROME CARD","",""
"1/16/2022","CKE*BASIL THAI AT UR 701 URBANA IL","CKE*BASIL THAI AT UR 701 URBANA IL","11.61","debit","Restaurants","DISCOVER IT CHROME CARD","",""
"1/14/2022","BOOK TRANSFER CREDIT B/O: FIRST COMMERCIAL BANK, LTD. TAIPEI ROC TAIWAN TW ORG:/14368088353 CHIEN YU","BOOK TRANSFER CREDIT B/O: FIRST","20000.00","credit","Transfer","CHASE SAVINGS","",""
"1/14/2022","International","INTERNATIONAL INCOMING WIRE FEE","15.00","debit","Sporting Goods","CHASE SAVINGS","",""
"1/13/2022","PEORIACHAR* 1 PCC TICK 8004480572 IL","PEORIACHAR* 1 PCC TICK 8004480572 IL","37.00","debit","Business Services","DISCOVER IT CHROME CARD","",""
"1/13/2022","Internet","COXRESI CABLE/INTERNET 866-272-8222 GA
MAMNE4J642JJXW9O9K-PPU","8.00","debit","Business Services","DISCOVER IT CHROME CARD","",""
"1/12/2022","Amazon","AMAZON.COM*MY8234H63 AMZN.COM/BILLWA
2NVHM04EJE6","4.03","debit","Shopping","DISCOVER IT CHROME CARD","",""
"1/11/2022","U IL Tuition payment ACH PAY 3808 91812 WEB ID: 9376000511","U IL Tuition Pmt ACH PAY    3808","18834.50","debit","Transfer","CHASE COLLEGE","",""
"1/10/2022","Online Transfer to CHK ...6550 t ransaction#: 13418275901 01/10","Online Transfer to CHK ...6550 t","18834.00","debit","Transfer","CHASE SAVINGS","",""
"1/10/2022","Online Transfer from SAV ...7912 transaction#: 13418275901","Online Transfer from SAV ...7912","18834.00","credit","Transfer","CHASE COLLEGE","",""
"1/06/2022","Amazon","AMZN MKTP US*OX8FC6T53 AMZN.COM/BILLWA
44AWBW7QDKN","36.14","debit","Shopping","DISCOVER IT CHROME CARD","",""
"1/06/2022","INTEREST PAYMENT","INTEREST PAYMENT","0.18","credit","Interest Income","CHASE SAVINGS","",""
"1/06/2022","DISCOVER BANK SECUR DPST 9796 TEL ID: 7510020270","DISCOVER BANK    SECUR DPST 9796","2200.00","debit","Credit Card Payment","CHASE COLLEGE","",""
"1/05/2022","Online Transfer to CHK ...6550 t ransaction#: 13384714053 01/05","Online Transfer to CHK ...6550 t","2200.00","debit","Transfer","CHASE SAVINGS","",""
"1/05/2022","Online Transfer from SAV ...7912 transaction#: 13384714053","Online Transfer from SAV ...7912","2200.00","credit","Transfer","CHASE COLLEGE","",""
"1/01/2022","American Airlines","AMERICANAIR0012321621819 800-428-4322 TX","138.40","debit","Air Travel","DISCOVER IT CHROME CARD","",""
"12/29/2021","United Airlines","UNITED AIRLINES 18004214655 TX","74.98","credit","Air Travel","DISCOVER IT CHROME CARD","",""
"12/27/2021","Amazon","AMZN Mktp CA*298O14LP3 AMAZON.CA","10.56","debit","Shopping","CHASE COLLEGE","",""
"12/27/2021","DISCOVER E-PAYMENT 9796 WEB ID: 2510020270","DISCOVER         E-PAYMENT  9796","2.90","debit","Credit Card Payment","CHASE COLLEGE","",""
"12/24/2021","INTERNET PAYMENT - THANK YOU","INTERNET PAYMENT - THANK YOU","2.90","credit","Credit Card Payment","DISCOVER IT CHROME CARD","",""
"12/23/2021","DISCOVER E-PAYMENT 9796 WEB ID: 2510020270","DISCOVER         E-PAYMENT  9796","25.00","debit","Credit Card Payment","CHASE COLLEGE","",""
"12/22/2021","INTERNET PAYMENT - THANK YOU","INTERNET PAYMENT - THANK YOU","25.00","credit","Credit Card Payment","DISCOVER IT CHROME CARD","",""
"12/20/2021","Portillo's Hot Dogs, LLC","PORTILLOS HOT DOGS #10 NAPERVILL","9.99","debit","Fast Food","CHASE COLLEGE","",""
"12/20/2021","Portillo's Hot Dogs, LLC","PORTILLOS HOT DOGS #10 NAPERVILL","7.92","debit","Fast Food","CHASE COLLEGE","",""
"12/20/2021","Zelle payment to Mason Peterson 13268989759","Zelle payment to Mason Peterson","8.00","debit","Transfer","CHASE COLLEGE","",""
"12/20/2021","DISCOVER E-PAYMENT 9796 WEB ID: 2510020270","DISCOVER         E-PAYMENT  9796","103.00","debit","Credit Card Payment","CHASE COLLEGE","",""
"12/19/2021","ST. CHARLES 682 BM ST. CHARLES IL 01942R","ST. CHARLES 682 BM ST. CHARLES IL
01942R","24.95","debit","Food & Dining","DISCOVER IT CHROME CARD","",""
"12/18/2021","INTERNET PAYMENT - THANK YOU","INTERNET PAYMENT - THANK YOU","103.00","credit","Credit Card Payment","DISCOVER IT CHROME CARD","",""
"12/15/2021","American Airlines","AMERICAN AIR00123184391 FORT WOR","425.40","debit","Air Travel","CHASE COLLEGE","",""
"12/12/2021","United Airlines","UNITED AIRLINES 18004214655 TX","74.98","debit","Air Travel","DISCOVER IT CHROME CARD","",""
"12/10/2021","GOLDEN WHEAT CHAMPAIGN IL","GOLDEN WHEAT CHAMPAIGN IL","15.60","debit","Restaurants","DISCOVER IT CHROME CARD","",""
"12/10/2021","Signature Grill LLC","SIGNATURE GRILL LLC CHAMPAIGN IL","6.67","debit","Fast Food","DISCOVER IT CHROME CARD","",""
"12/09/2021","Zelle payment to Mason Peterson 13196496585","Zelle payment to Mason Peterson","4.50","debit","Transfer","CHASE COLLEGE","",""
"12/07/2021","Einstein Bros","EINSTEIN BROS BAGELS URBANA IL","8.41","debit","Restaurants","DISCOVER IT CHROME CARD","",""
"12/06/2021","U OF I HOUSING DINING 217-333140 7 IL 12/03","U OF I HOUSING DINING 217-333140","4.03","debit","Groceries","CHASE COLLEGE","",""
"12/06/2021","Amazon","Amazon.com*VS8M44AE3 Amzn.com/bi","25.52","debit","Shopping","CHASE COLLEGE","",""
"12/06/2021","Zelle payment from MASON D PETER SON 13159794485","Zelle payment from MASON D PETER","35.00","credit","Transfer","CHASE COLLEGE","",""
"12/06/2021","DISCOVER E-PAYMENT 9796 WEB ID: 2510020270","DISCOVER         E-PAYMENT  9796","238.00","debit","Credit Card Payment","CHASE COLLEGE","",""
"12/06/2021","INTEREST PAYMENT","INTEREST PAYMENT","0.19","credit","Interest Income","CHASE SAVINGS","",""
"12/04/2021","INTERNET PAYMENT - THANK YOU","INTERNET PAYMENT - THANK YOU","238.00","credit","Credit Card Payment","DISCOVER IT CHROME CARD","",""
"12/03/2021","DISCOVER E-PAYMENT 9796 WEB ID: 2510020270","DISCOVER         E-PAYMENT  9796","58.49","debit","Credit Card Payment","CHASE COLLEGE","",""
"12/02/2021","INTERNET PAYMENT - THANK YOU","INTERNET PAYMENT - THANK YOU","58.49","credit","Credit Card Payment","DISCOVER IT CHROME CARD","",""
"12/02/2021","Online Transfer from SAV ...7912 transaction#: 13145566548","Online Transfer from SAV ...7912","900.00","credit","Transfer","CHASE COLLEGE","",""
"12/02/2021","Online Transfer to CHK ...6550 t ransaction#: 13145566548 12/02","Online Transfer to CHK ...6550 t","900.00","debit","Transfer","CHASE SAVINGS","",""
"12/01/2021","Amazon","AMAZON.COM*9M0S00GJ3 AMZN.COM/BILLWA
6NI7AGS3M00","238.29","debit","Shopping","DISCOVER IT CHROME CARD","",""
"12/01/2021","Einstein Bros","EINSTEIN BROS BAGELS URBANA IL","4.21","debit","Coffee Shops","CHASE COLLEGE","",""
"11/29/2021","Zelle payment from JUSTICE BORN 13107453056","Zelle payment from JUSTICE BORN","4.40","credit","Transfer","CHASE COLLEGE","",""
"11/29/2021","DISCOVER E-PAYMENT 9796 WEB ID: 2510020270","DISCOVER         E-PAYMENT  9796","19.97","debit","Credit Card Payment","CHASE COLLEGE","",""
"11/28/2021","SIAM TERRACE URBANA IL","SIAM TERRACE URBANA IL","19.64","debit","Restaurants","DISCOVER IT CHROME CARD","",""
"11/28/2021","INTERNET PAYMENT - THANK YOU","INTERNET PAYMENT - THANK YOU","19.97","credit","Credit Card Payment","DISCOVER IT CHROME CARD","",""
"11/27/2021","NATIVE FOODS - HP CHICAGO IL","NATIVE FOODS - HP CHICAGO IL","15.40","debit","Restaurants","DISCOVER IT CHROME CARD","",""
"11/26/2021","Seven Treasures Restaurant","SEVEN TREASURES RESTAUR CHICAGO IL","14.65","debit","Restaurants","DISCOVER IT CHROME CARD","",""
"11/26/2021","GIFTS R US CHICAGO IL","GIFTS R US CHICAGO IL","8.80","debit","Gift","DISCOVER IT CHROME CARD","",""
"11/24/2021","5GUYS 0582 QSR CHICAGO IL","5GUYS 0582 QSR CHICAGO IL","17.19","debit","Fast Food","DISCOVER IT CHROME CARD","",""
"11/24/2021","DISCOVER E-PAYMENT 9796 WEB ID: 2510020270","DISCOVER         E-PAYMENT  9796","33.00","debit","Credit Card Payment","CHASE COLLEGE","",""
"11/24/2021","CHOWBUS* TEA MONSTER 131-2647915 5 IL 11/23","CHOWBUS* TEA MONSTER 131-2647915","7.08","debit","Coffee Shops","CHASE COLLEGE","",""
"11/24/2021","Lou Malnati's","LOU MALNATIS - SOUTH LO CHICAGO","26.69","debit","Fast Food","CHASE COLLEGE","",""
"11/23/2021","INTERNET PAYMENT - THANK YOU","INTERNET PAYMENT - THANK YOU","33.00","credit","Credit Card Payment","DISCOVER IT CHROME CARD","",""
"11/23/2021","DISCOVER E-PAYMENT 9796 WEB ID: 2510020270","DISCOVER         E-PAYMENT  9796","16.00","debit","Credit Card Payment","CHASE COLLEGE","",""
"11/23/2021","Shake Shack","SHAKE SHACK 1135 CHICAGO IL","5.58","debit","Fast Food","CHASE COLLEGE","",""
"11/23/2021","Shake Shack","SHAKE SHACK 1135 CHICAGO IL","10.05","debit","Fast Food","CHASE COLLEGE","",""
"11/23/2021","SIREN53313 CHICAGO IL 11/22","SIREN53313 CHICAGO IL","4.75","debit","Gas & Fuel","CHASE COLLEGE","",""
"11/23/2021","Zelle payment from JUSTICE BORN 13081841633","Zelle payment from JUSTICE BORN","13.33","credit","Transfer","CHASE COLLEGE","",""
"11/23/2021","Vending","VENTRA VENDING 03402 CHICAGO IL","25.00","debit","Fast Food","CHASE COLLEGE","",""
"11/22/2021","Uber Eats","UBER EATS 866-576-1039 CA","4.64","debit","Food Delivery","DISCOVER IT CHROME CARD","",""
"11/22/2021","Uber Eats","UBER EATS 866-576-1039 CA","30.94","debit","Food Delivery","DISCOVER IT CHROME CARD","",""
"11/22/2021","INTERNET PAYMENT - THANK YOU","INTERNET PAYMENT - THANK YOU","16.00","credit","Credit Card Payment","DISCOVER IT CHROME CARD","",""
"11/22/2021","Management","PYL*JSM Management 866-7295327 I","639.70","debit","Mortgage & Rent","CHASE COLLEGE","",""
"11/19/2021","Online Transfer to CHK ...6550 t ransaction#: 13055392572 11/19","Online Transfer to CHK ...6550 t","600.00","debit","Transfer","CHASE SAVINGS","",""
"11/19/2021","DISCOVER E-PAYMENT 9796 WEB ID: 2510020270","DISCOVER         E-PAYMENT  9796","24.00","debit","Credit Card Payment","CHASE COLLEGE","",""
"11/19/2021","Einstein Bros","EINSTEIN BROS BAGELS URBANA IL","7.86","debit","Coffee Shops","CHASE COLLEGE","",""
"11/19/2021","Online Transfer from SAV ...7912 transaction#: 13055392572","Online Transfer from SAV ...7912","600.00","credit","Transfer","CHASE COLLEGE","",""
"11/18/2021","POKE LAB CHAMPAIGN IL","POKE LAB CHAMPAIGN IL","15.55","debit","Restaurants","DISCOVER IT CHROME CARD","",""
"11/18/2021","INTERNET PAYMENT - THANK YOU","INTERNET PAYMENT - THANK YOU","24.00","credit","Credit Card Payment","DISCOVER IT CHROME CARD","",""
"11/15/2021","Subway","SUBWAY 642 CHAMPAIGN IL","10.69","debit","Fast Food","DISCOVER IT CHROME CARD","",""
"11/15/2021","DISCOVER E-PAYMENT 9796 WEB ID: 2510020270","DISCOVER         E-PAYMENT  9796","57.00","debit","Credit Card Payment","CHASE COLLEGE","",""
"11/14/2021","INTERNET PAYMENT - THANK YOU","INTERNET PAYMENT - THANK YOU","57.00","credit","Credit Card Payment","DISCOVER IT CHROME CARD","",""
"11/12/2021","Noodles & Company","NOODLES & COMPANY 9502 CHAMPAIGN IL
01225R","11.43","debit","Restaurants","DISCOVER IT CHROME CARD","",""
"11/10/2021","Chipotle","CHIPOTLE 0771 CHAMPAIGN IL","9.70","debit","Fast Food","DISCOVER IT CHROME CARD","",""
"11/10/2021","Zelle payment from SEJAL JINDAL FTB025714876","Zelle payment from SEJAL JINDAL","7.00","credit","Transfer","CHASE COLLEGE","",""
"11/10/2021","Zelle payment to Mason Peterson 12992216751","Zelle payment to Mason Peterson","7.50","debit","Transfer","CHASE COLLEGE","",""
"11/09/2021","Einstein Bros","EINSTEIN BROS BAGELS URBANA IL","8.41","debit","Coffee Shops","DISCOVER IT CHROME CARD","",""
"11/09/2021","Zelle payment from MASON D PETER SON 12978984922","Zelle payment from MASON D PETER","9.99","credit","Transfer","CHASE COLLEGE","",""
"11/08/2021","Target","TARGET CHAMPAIGN IL","34.80","debit","Shopping","DISCOVER IT CHROME CARD","",""
"11/08/2021","University Il Invoice","UNIVERSITY OF IL INVOICE","5804.50","credit","Income","CHASE SAVINGS","",""
"11/08/2021","DISCOVER E-PAYMENT 9796 WEB ID: 2510020270","DISCOVER         E-PAYMENT  9796","133.00","debit","Credit Card Payment","CHASE COLLEGE","",""
"11/07/2021","INTERNET PAYMENT - THANK YOU","INTERNET PAYMENT - THANK YOU","133.00","credit","Credit Card Payment","DISCOVER IT CHROME CARD","",""
"11/05/2021","COCOMERO FROZEN YO URBANA IL000230584301479826","SQ *COCOMERO FROZEN YO URBANA IL
0002305843014798262970","5.10","debit","Coffee Shops","DISCOVER IT CHROME CARD","",""
"11/04/2021","INTEREST PAYMENT","INTEREST PAYMENT","0.13","credit","Interest Income","CHASE SAVINGS","",""
"11/03/2021","Einstein Bros","EINSTEIN BROS BAGELS URBANA IL","1.99","debit","Coffee Shops","DISCOVER IT CHROME CARD","",""
"11/03/2021","Amazon","AMZN MKTP US*9B9E90ZN3 AMZN.COM/BILLWA
5S8VQWOWNXT","11.98","debit","Shopping","DISCOVER IT CHROME CARD","",""
"11/03/2021","Zelle payment from JUSTICE BORN 12940690887","Zelle payment from JUSTICE BORN","13.00","credit","Transfer","CHASE COLLEGE","",""
"11/01/2021","Sakana-Ya","TST* SAKANAYA CHAMPAIGN IL","16.00","debit","Restaurants","DISCOVER IT CHROME CARD","",""
"11/01/2021","Zelle payment from SEJAL JINDAL FTB025283008","Zelle payment from SEJAL JINDAL","17.00","credit","Transfer","CHASE COLLEGE","",""
"10/31/2021","Amazon","AMAZON.COM*345VW80J3 AMZN.COM/BILLWA
66W4SHAJAOS","4.49","debit","Shopping","DISCOVER IT CHROME CARD","",""
"10/30/2021","Cracked On Green","TST* CRACKED ON GREEN CHAMPAIGN IL","6.68","debit","Restaurants","DISCOVER IT CHROME CARD","",""
"10/30/2021","TEETURTLE, LLC 614-385-2055 MO","TEETURTLE, LLC 614-385-2055 MO","21.57","debit","Clothing","DISCOVER IT CHROME CARD","",""
"10/29/2021","Amazon","AMAZON.COM*P06XI3WP3 AMZN.COM/BILLWA
4VQ7KH4X8P6","50.00","debit","Shopping","DISCOVER IT CHROME CARD","",""
"10/27/2021","TST* TENKO TEA - CHAMPAI URBANA IL","TST* TENKO TEA - CHAMPAI URBANA IL","5.81","debit","Coffee Shops","DISCOVER IT CHROME CARD","",""
"10/27/2021","DISCOVER E-PAYMENT 9796 WEB ID: 2510020270","DISCOVER         E-PAYMENT  9796","4.50","debit","Credit Card Payment","CHASE COLLEGE","",""
"10/25/2021","INTERNET PAYMENT - THANK YOU","INTERNET PAYMENT - THANK YOU","4.50","credit","Credit Card Payment","DISCOVER IT CHROME CARD","",""
"10/24/2021","Sakana-Ya","TST* SAKANAYA CHAMPAIGN IL","16.00","debit","Restaurants","DISCOVER IT CHROME CARD","",""
"10/21/2021","DISCOVER E-PAYMENT 9796 WEB ID: 2510020270","DISCOVER         E-PAYMENT  9796","31.08","debit","Credit Card Payment","CHASE COLLEGE","",""
"10/20/2021","INTERNET PAYMENT - THANK YOU","INTERNET PAYMENT - THANK YOU","31.08","credit","Credit Card Payment","DISCOVER IT CHROME CARD","",""
"10/19/2021","Zelle payment from SEJAL JINDAL FTB024790332","Zelle payment from SEJAL JINDAL","10.00","credit","Transfer","CHASE COLLEGE","",""
"10/18/2021","MINTWEB 949-231-7094 CA 10/18","MINTWEB 949-231-7094 CA","200.56","debit","Mobile Phone","CHASE COLLEGE","",""
"10/17/2021","Curtis Orchard Ltd","CURTIS ORCHARD & PUMPK CHAMPAIGN IL","6.05","debit","Business Services","DISCOVER IT CHROME CARD","",""
"10/17/2021","Curtis Orchard Ltd","CURTIS ORCHARD & PUMPK CHAMPAIGN IL","5.35","debit","Business Services","DISCOVER IT CHROME CARD","",""
"10/16/2021","Signature Grill LLC","SIGNATURE GRILL LLC CHAMPAIGN IL","13.36","debit","Fast Food","DISCOVER IT CHROME CARD","",""
"10/16/2021","Noodles & Company","NOODLES & COMPANY 9502 CHAMPAIGN IL01674R","9.70","debit","Restaurants","DISCOVER IT CHROME CARD","",""
"10/12/2021","DISCOVER E-PAYMENT 9796 WEB ID: 2510020270","DISCOVER         E-PAYMENT  9796","42.00","debit","Credit Card Payment","CHASE COLLEGE","",""
"10/09/2021","INTERNET PAYMENT - THANK YOU","INTERNET PAYMENT - THANK YOU","42.00","credit","Credit Card Payment","DISCOVER IT CHROME CARD","",""
"10/07/2021","School supplies","School supplies","20.00","debit","Books & Supplies","Cash","","Shared IoLab with Shomik"
"10/06/2021","INTEREST PAYMENT","INTEREST PAYMENT","0.17","credit","Interest Income","CHASE SAVINGS","",""
"10/04/2021","Dairy Queen","DAIRY QUEEN #11400 URBANA IL","2.21","debit","Fast Food","DISCOVER IT CHROME CARD","",""
"10/04/2021","DISCOVER E-PAYMENT 9796 WEB ID: 2510020270","DISCOVER         E-PAYMENT  9796","22.62","debit","Credit Card Payment","CHASE COLLEGE","",""
"10/04/2021","Zelle payment to Mason Peterson 12726014945","Zelle payment to Mason Peterson","8.50","debit","Transfer","CHASE COLLEGE","",""
"10/03/2021","RAGSTOCK - #72 CHAMPAI CHAMPAIGN IL","RAGSTOCK - #72 CHAMPAI CHAMPAIGN IL","14.17","debit","Clothing","DISCOVER IT CHROME CARD","",""
"10/02/2021","INTERNET PAYMENT - THANK YOU","INTERNET PAYMENT - THANK YOU","22.62","credit","Credit Card Payment","DISCOVER IT CHROME CARD","",""
"10/02/2021","TST* TENKO TEA - CHAMPAI URBANA IL","TST* TENKO TEA - CHAMPAI URBANA IL","6.36","debit","Coffee Shops","DISCOVER IT CHROME CARD","",""
"10/02/2021","Common Ground","COMMON GROUND FOOD COOP URBANA IL","4.43","debit","Fast Food","DISCOVER IT CHROME CARD","",""
"10/02/2021","PIATO CAFE, CATERI URBANA IL000230584301463930","SQ *PIATO CAFE, CATERI URBANA IL000230584301463930","8.00","debit","Restaurants","DISCOVER IT CHROME CARD","",""
"10/02/2021","Sh. Enterprises","BROKISH ENTERPRISES CHAMPAIGN IL","4.95","debit","Restaurants","DISCOVER IT CHROME CARD","",""
"10/01/2021","Re-Creation","CAMPUS RECREATION CHAMPAIGN IL","3.00","debit","Entertainment","DISCOVER IT CHROME CARD","",""
"9/27/2021","DISCOVER E-PAYMENT 9796 WEB ID: 2510020270","DISCOVER         E-PAYMENT  9796","38.97","debit","Credit Card Payment","CHASE COLLEGE","",""
"9/24/2021","INTERNET PAYMENT - THANK YOU","INTERNET PAYMENT - THANK YOU","38.97","credit","Credit Card Payment","DISCOVER IT CHROME CARD","",""
"9/24/2021","Taco Bell","TACO BELL 036321 CHAMPAIGN IL","7.35","debit","Fast Food","DISCOVER IT CHROME CARD","",""
"9/23/2021","Target","TARGET CHAMPAIGN IL","15.27","debit","Shopping","DISCOVER IT CHROME CARD","",""
"9/17/2021","BANGKOK THAI CHAMPAIGN IL","BANGKOK THAI CHAMPAIGN IL","11.00","debit","Restaurants","DISCOVER IT CHROME CARD","",""
"9/17/2021","University Il Invoice","UNIVERSITY OF IL INVOICE","900.00","credit","Income","CHASE SAVINGS","",""
"9/17/2021","U IL Tuition payment ACH PAY 3789 53574 WEB ID: 9376000511","U IL Tuition Pmt ACH PAY    3789","24749.61","debit","Tuition","CHASE SAVINGS","",""
"9/16/2021","Target","TARGET CHAMPAIGN IL","7.62","debit","Shopping","DISCOVER IT CHROME CARD","",""
"9/13/2021","DISCOVER E-PAYMENT 9796 WEB ID: 2510020270","DISCOVER         E-PAYMENT  9796","30.00","debit","Credit Card Payment","CHASE COLLEGE","",""
"9/11/2021","Signature Grill LLC","SIGNATURE GRILL LLC CHAMPAIGN IL","13.36","debit","Fast Food","DISCOVER IT CHROME CARD","",""
"9/11/2021","INTERNET PAYMENT - THANK YOU","INTERNET PAYMENT - THANK YOU","30.00","credit","Credit Card Payment","DISCOVER IT CHROME CARD","",""
"9/10/2021","BOOK TRANSFER CREDIT B/O: FIRST COMMERCIAL BANK, LTD. TAIPEI ROC TAIWAN TW ORG:/14368088353 CHIEN YU","BOOK TRANSFER CREDIT B/O: FIRST","40000.00","credit","Transfer","CHASE SAVINGS","",""
"9/10/2021","International","INTERNATIONAL INCOMING WIRE FEE","15.00","debit","Bank Fee","CHASE SAVINGS","",""
"9/07/2021","Noodles & Company","NOODLES & COMPANY 9502 CHAMPAIGN","8.28","debit","Restaurants","CHASE COLLEGE","",""
"9/07/2021","INTEREST PAYMENT","INTEREST PAYMENT","0.01","credit","Interest Income","CHASE SAVINGS","",""
"9/05/2021","MACMILLAN LEARNING 888-330-8477 NY","MACMILLAN LEARNING 888-330-8477 NY","36.99","debit","Entertainment","DISCOVER IT CHROME CARD","",""
"9/02/2021","Amazon","Amazon","9.50","debit","Shopping","Cash","","Cocodor stick diffusers"
"8/30/2021","COCOMERO FROZEN YOG Champaig n IL 08/29","SQ *COCOMERO FROZEN YOG Champaig","12.78","debit","Restaurants","CHASE COLLEGE","",""
"8/30/2021","Target","TARGET ST 603 E Green Champaigne","8.37","debit","Shopping","CHASE COLLEGE","",""
"8/30/2021","TST* MIA ZA S CHAMPAIGN IL 08/28","TST* MIA ZA S CHAMPAIGN IL","6.41","debit","Restaurants","CHASE COLLEGE","",""
"8/26/2021","Zelle payment from CHRISTINE KIM 12462961452","Zelle payment from CHRISTINE KIM","2.00","credit","Transfer","CHASE COLLEGE","",""
"8/25/2021","U OF I ONLINE PAYMENT 2172449384 IL 08/23","U OF I ONLINE PAYMENT 2172449384","76.50","debit","Credit Card Payment","CHASE COLLEGE","",""
"8/24/2021","$100 for New Checking","$100 for New Checking","100.00","credit","Income","CHASE COLLEGE","",""
"8/23/2021","BANGKOK THAI CHAMPAIGN IL 08/20","BANGKOK THAI CHAMPAIGN IL","11.00","debit","Restaurants","CHASE COLLEGE","",""
"8/23/2021","American Air Fort","AMERICAN AIR00106366214 FORT WOR","33.46","credit","Income","CHASE COLLEGE","",""
"8/20/2021","COCOMERO FROZEN YOG Urbana I L 08/19","SQ *COCOMERO FROZEN YOG Urbana I","7.40","debit","Fast Food","CHASE COLLEGE","",""
"8/20/2021","Wal-Mart","WALMART.COM AU 800-966-6546 AR","172.14","debit","Shopping","CHASE COLLEGE","",""
"8/19/2021","TST* MIA ZA S CHAMPAIGN IL 08/19","TST* MIA ZA S CHAMPAIGN IL","6.41","debit","Restaurants","CHASE COLLEGE","",""
"8/19/2021","American Airlines","AMERICAN AIR00115148046 FORT WOR","30.00","debit","Air Travel","CHASE COLLEGE","",""
"8/19/2021","American Airlines","AMERICAN AIR00106366214 FORT WOR","33.46","debit","Air Travel","CHASE COLLEGE","",""
"8/17/2021","CHAMPAIGN MOBILE METER CHAMPAIGN IL 08/16","CHAMPAIGN MOBILE METER CHAMPAIGN","0.75","debit","Parking","CHASE COLLEGE","",""
"8/16/2021","KUNG FU TEA CHAMPAIGN IL 08/14","KUNG FU TEA CHAMPAIGN IL","5.25","debit","Coffee Shops","CHASE COLLEGE","",""
"8/16/2021","CHAMPAIGN MOBILE METER CHAMPAIGN IL 08/14","CHAMPAIGN MOBILE METER CHAMPAIGN","1.00","debit","Parking","CHASE COLLEGE","",""
"8/16/2021","TST* MIA ZA S CHAMPAIGN IL 08/15","TST* MIA ZA S CHAMPAIGN IL","6.41","debit","Restaurants","CHASE COLLEGE","",""
"8/16/2021","CHAMPAIGN MOBILE METER CHAMPAIGN IL 08/13","CHAMPAIGN MOBILE METER CHAMPAIGN","1.00","debit","Parking","CHASE COLLEGE","",""
"8/16/2021","CHAMPAIGN MOBILE METER CHAMPAIGN IL 08/14","CHAMPAIGN MOBILE METER CHAMPAIGN","1.00","debit","Parking","CHASE COLLEGE","",""
"8/16/2021","TST* MIA ZA S CHAMPAIGN IL 08/16","TST* MIA ZA S CHAMPAIGN IL","6.41","debit","Restaurants","CHASE COLLEGE","",""
"8/13/2021","American Air Fort","AMERICAN AIR00106362374 FORT WOR","20.10","credit","Income","CHASE COLLEGE","",""
"8/13/2021","American Air Fort","AMERICAN AIR00121942812 FORT WOR","406.40","credit","Income","CHASE COLLEGE","",""
"8/13/2021","American Air Fort","AMERICAN AIR00106362374 FORT WOR","24.11","credit","Income","CHASE COLLEGE","",""
"8/13/2021","American Air Fort","AMERICAN AIR00121942812 FORT WOR","406.40","credit","Income","CHASE COLLEGE","",""
"8/13/2021","CHAMPAIGN MOBILE METER CHAMPAIGN IL 08/12","CHAMPAIGN MOBILE METER CHAMPAIGN","0.75","debit","Parking","CHASE COLLEGE","",""
"8/12/2021","American Airlines","AMERICAN AIR00106362374 FORT WOR","24.11","debit","Air Travel","CHASE COLLEGE","",""
"8/12/2021","American Airlines","AMERICAN AIR00121942812 FORT WOR","406.40","debit","Air Travel","CHASE COLLEGE","",""
"8/12/2021","American Airlines","AMERICAN AIR00121942812 FORT WOR","406.40","debit","Air Travel","CHASE COLLEGE","",""
"8/12/2021","American Airlines","AMERICAN AIR00106362374 FORT WOR","20.10","debit","Air Travel","CHASE COLLEGE","",""
"8/12/2021","INTEREST PAYMENT","INTEREST PAYMENT","0.01","credit","Interest Income","CHASE SAVINGS","",""
"8/10/2021","Online Transfer to CHK ...6550 t ransaction#: 12358480700 08/10","Online Transfer to CHK ...6550 t","500.00","debit","Transfer","CHASE SAVINGS","",""
"8/10/2021","Online Transfer from SAV ...7912 transaction#: 12358480700","Online Transfer from SAV ...7912","500.00","credit","Transfer","CHASE COLLEGE","",""
"8/09/2021","Albertsons","ALBERTSONS #1157 FOUNTAIN VALL C","1.09","debit","Groceries","CHASE COLLEGE","",""
"8/09/2021","Panera Bread","PANERA BREAD #204126 K IRVINE CA","2.99","debit","Fast Food","CHASE COLLEGE","",""
"8/06/2021","Albertsons","ALBERTSONS #1157 FOUNTAIN VALL C","1.09","debit","Groceries","CHASE COLLEGE","",""
"8/05/2021","DISCOVER BANK SECUR DPST 9796 WEB ID: 7510020270","DISCOVER BANK    SECUR DPST 9796","300.00","debit","Credit Card Payment","CHASE COLLEGE","",""
"8/02/2021","Amazon","AMZN Mktp US*2E33R6Y Amzn.com/bi","16.15","debit","Shopping","CHASE COLLEGE","",""
"7/19/2021","DEPOSIT ID NUMBER 785563","DEPOSIT  ID NUMBER 785563","1500.00","credit","Income","CHASE SAVINGS","",""
"7/19/2021","DEPOSIT ID NUMBER 785562","DEPOSIT  ID NUMBER 785562","1500.00","credit","Income","CHASE COLLEGE","",""
